ARM Address,ARM Function Name,ARM Set Size,ARM Sequence Length,MIPS Address,MIPS Function Name,MIPS Set Size,MIPS Sequence Length,Similarity Score,Intersection Size,Union Size,CLS Length,CLS Similarity Score,UserDefined
0x0003dd94,_Fork,4,4,0x00439bd0,_Fork,15,30,0.26666666666666666,4,15,4,0.23529411764705882,0
0x00038b28,_IO_adjust_column,12,17,0x00433218,_IO_adjust_column,12,17,1.0,12,12,14,0.8235294117647058,0
0x0005ca10,_IO_adjust_wcolumn,13,18,0x004623bc,_IO_adjust_wcolumn,13,18,1.0,13,13,15,0.8333333333333334,0
0x00039320,_IO_cleanup,21,739,0x00433a94,_IO_cleanup,21,562,0.9090909090909091,20,22,459,0.7056110684089162,0
0x00038650,_IO_default_doallocate,14,30,0x00432c04,_IO_default_doallocate,14,30,1.0,14,14,28,0.9333333333333333,0
0x00038990,_IO_default_finish,12,40,0x00432f9c,_IO_default_finish,12,40,1.0,12,12,35,0.875,0
0x00039a8c,_IO_default_imbue,1,1,0x004343d4,_IO_default_imbue,1,1,1.0,1,1,1,1.0,0
0x00039930,_IO_default_pbackfail,20,106,0x004341b8,_IO_default_pbackfail,20,128,1.0,20,20,73,0.6239316239316239,0
0x00039a74,_IO_default_read,2,2,0x004343bc,_IO_default_read,2,2,1.0,2,2,2,1.0,0
0x00039a60,_IO_default_seek,2,2,0x004343a8,_IO_default_seek,2,2,1.0,2,2,2,1.0,0
0x00038a10,_IO_default_seekoff,2,2,0x00433084,_IO_default_seekoff,2,2,1.0,2,2,2,1.0,0
0x000385e8,_IO_default_seekpos,12,13,0x00432b7c,_IO_default_seekpos,12,13,1.0,12,12,13,1.0,0
0x00038500,_IO_default_setbuf,20,69,0x00432a3c,_IO_default_setbuf,19,69,0.95,19,20,48,0.6956521739130435,0
0x00039a84,_IO_default_showmanyc,2,2,0x004343cc,_IO_default_showmanyc,2,2,1.0,2,2,2,1.0,0
0x00039a6c,_IO_default_stat,2,2,0x004343b4,_IO_default_stat,2,2,1.0,2,2,2,1.0,0
0x00038988,_IO_default_sync,2,2,0x00432f94,_IO_default_sync,2,2,1.0,2,2,2,1.0,0
0x000382a4,_IO_default_uflow,16,25,0x00432654,_IO_default_uflow,16,25,1.0,16,16,24,0.96,0
0x0003829c,_IO_default_underflow,2,2,0x0043264c,_IO_default_underflow,2,2,1.0,2,2,2,1.0,0
0x00039a7c,_IO_default_write,2,2,0x004343c4,_IO_default_write,2,2,1.0,2,2,2,1.0,0
0x00038444,_IO_default_xsgetn,17,76,0x004328dc,_IO_default_xsgetn,17,81,1.0,17,17,46,0.5859872611464968,0
0x000382fc,_IO_default_xsputn,18,87,0x004326e8,_IO_default_xsputn,17,87,0.9444444444444444,17,18,48,0.5517241379310345,0
0x000381e4,_IO_doallocbuf,19,54,0x00432534,_IO_doallocbuf,19,54,1.0,19,19,52,0.9629629629629629,0
0x000387d8,_IO_enable_locks,12,33,0x00432de0,_IO_enable_locks,12,29,1.0,12,12,22,0.7096774193548387,0
0x00036c1c,_IO_file_close,4,4,0x004309dc,_IO_file_close,4,4,1.0,4,4,4,1.0,0
0x00036bec,_IO_file_close_mmap,7,16,0x00430984,_IO_file_close_mmap,7,16,1.0,7,7,15,0.9375,0
0x0005b2f8,_IO_file_doallocate,22,83,0x00460230,_IO_file_doallocate,22,84,0.9130434782608695,21,23,66,0.7904191616766467,0
0x00035234,_IO_file_open,23,57,0x0042e6d8,_IO_file_open,24,62,0.88,22,25,49,0.8235294117647058,0
0x00036bc4,_IO_file_read,7,11,0x00430904,_IO_file_read,7,11,1.0,7,7,11,1.0,0
0x00036bdc,_IO_file_seek,5,5,0x00430944,_IO_file_seek,5,5,1.0,5,5,5,1.0,0
0x00036b4c,_IO_file_seekoff_maybe_mmap,16,20,0x00430860,_IO_file_seekoff_maybe_mmap,16,21,1.0,16,16,19,0.926829268292683,0
0x000369fc,_IO_file_seekoff_mmap,26,140,0x00430688,_IO_file_seekoff_mmap,25,116,0.7586206896551724,22,29,85,0.6640625,0
0x00035484,_IO_file_setbuf_mmap,9,38,0x0042ea08,_IO_file_setbuf_mmap,9,38,1.0,9,9,36,0.9473684210526315,0
0x00036be4,_IO_file_stat,5,5,0x00430964,_IO_file_stat,5,5,1.0,5,5,5,1.0,0
0x0003636c,_IO_file_sync_mmap,17,46,0x0042fdd4,_IO_file_sync_mmap,18,55,0.75,15,20,39,0.7722772277227723,0
0x00036028,_IO_file_underflow_maybe_mmap,11,18,0x0042f944,_IO_file_underflow_maybe_mmap,11,18,1.0,11,11,18,1.0,0
0x00035f9c,_IO_file_underflow_mmap,18,43,0x0042f84c,_IO_file_underflow_mmap,18,44,0.8947368421052632,17,19,35,0.8045977011494253,0
0x00036e60,_IO_file_xsgetn,26,176,0x00430da4,_IO_file_xsgetn,25,211,0.8214285714285714,23,28,140,0.7235142118863049,0
0x00037180,_IO_file_xsgetn_maybe_mmap,12,14,0x00431278,_IO_file_xsgetn_maybe_mmap,12,14,1.0,12,12,14,1.0,0
0x00037050,_IO_file_xsgetn_mmap,20,95,0x004310b8,_IO_file_xsgetn_mmap,19,100,0.95,19,20,74,0.7589743589743589,0
0x00038b60,_IO_flush_all,20,534,0x00433258,_IO_flush_all,20,413,0.9047619047619048,19,21,316,0.6673706441393875,0
0x00038f38,_IO_flush_all_linebuffered,20,551,0x00433668,_IO_flush_all_linebuffered,20,404,0.9047619047619048,19,21,307,0.6429319371727749,0
0x000346d8,_IO_fputs,21,154,0x0042d5f0,_IO_fputs,21,117,0.9090909090909091,20,22,83,0.6125461254612546,0
0x00037e28,_IO_free_backup_area,10,30,0x00431f7c,_IO_free_backup_area,10,30,1.0,10,10,25,0.8333333333333334,0
0x0005c534,_IO_free_wbackup_area,11,41,0x00461bec,_IO_free_wbackup_area,11,41,1.0,11,11,36,0.8780487804878049,0
0x0005e598,_IO_fwide,15,124,0x00464850,_IO_fwide,14,193,0.8125,13,16,99,0.6246056782334385,0
0x0003493c,_IO_fwrite,22,184,0x0042d8d0,_IO_fwrite,23,136,0.875,21,24,84,0.525,0
0x000662f0,_IO_getline,2,2,0x0046f254,_IO_getline,2,2,1.0,2,2,2,1.0,0
0x00066198,_IO_getline_info,18,97,0x0046f030,_IO_getline_info,19,108,0.85,17,20,78,0.7609756097560976,0
0x00038744,_IO_init,11,80,0x00432d54,_IO_init,12,77,0.9166666666666666,11,12,71,0.9044585987261147,0
0x000386b0,_IO_init_internal,11,80,0x00432cc8,_IO_init_internal,12,77,0.9166666666666666,11,12,71,0.9044585987261147,0
0x00039744,_IO_init_marker,13,34,0x00433eec,_IO_init_marker,13,45,1.0,13,13,31,0.7848101265822784,0
0x0005ca4c,_IO_init_wmarker,14,37,0x00462404,_IO_init_wmarker,13,49,0.9285714285714286,13,14,34,0.7906976744186046,0
0x00039a90,_IO_iter_begin,3,4,0x004343dc,_IO_iter_begin,3,4,1.0,3,3,4,1.0,0
0x00039aa0,_IO_iter_end,2,2,0x004343fc,_IO_iter_end,2,2,1.0,2,2,2,1.0,0
0x00039ab0,_IO_iter_file,1,1,0x00434410,_IO_iter_file,2,2,0.5,1,2,1,0.6666666666666666,0
0x00039aa8,_IO_iter_next,3,3,0x00434404,_IO_iter_next,3,3,1.0,3,3,3,1.0,0
0x00037ce8,_IO_least_marker,11,24,0x00431ddc,_IO_least_marker,10,22,0.75,9,12,15,0.6521739130434783,0
0x0005bee8,_IO_least_wmarker,12,28,0x004611b8,_IO_least_wmarker,11,25,0.7692307692307693,10,13,20,0.7547169811320755,0
0x000378e4,_IO_link_in,23,677,0x00431a64,_IO_link_in,18,409,0.7083333333333334,17,24,289,0.5322283609576427,0
0x00039ab4,_IO_list_lock,15,78,0x00434418,_IO_list_lock,13,43,0.75,12,16,34,0.5619834710743802,0
0x00039c48,_IO_list_resetlock,2,7,0x00434590,_IO_list_resetlock,2,7,1.0,2,2,7,1.0,0
0x00039b94,_IO_list_unlock,11,57,0x00434504,_IO_list_unlock,12,44,0.6428571428571429,9,14,35,0.693069306930693,0
0x000397e4,_IO_marker_delta,10,25,0x00434008,_IO_marker_delta,9,31,0.9,9,10,23,0.8214285714285714,0
0x000397d4,_IO_marker_difference,4,6,0x00433ff8,_IO_marker_difference,4,6,1.0,4,4,6,1.0,0
0x000354f4,_IO_new_do_write,8,11,0x0042eaac,_IO_new_do_write,8,10,0.6,6,10,7,0.6666666666666666,0
0x0005b438,_IO_new_fclose,22,298,0x004603f0,_IO_new_fclose,23,224,0.8,20,25,158,0.6053639846743295,0
0x00035354,_IO_new_file_attach,20,56,0x0042e868,_IO_new_file_attach,21,57,0.782608695652174,18,23,33,0.584070796460177,0
0x00035518,_IO_new_file_close_it,20,117,0x0042eb04,_IO_new_file_close_it,20,118,1.0,20,20,99,0.8425531914893617,0
0x00035b04,_IO_new_file_finish,17,47,0x0042f278,_IO_new_file_finish,17,47,1.0,17,17,46,0.9787234042553191,0
0x000356a4,_IO_new_file_fopen,24,401,0x0042ed24,_IO_new_file_fopen,25,606,0.8846153846153846,23,26,318,0.631578947368421,0
0x000351fc,_IO_new_file_init,8,22,0x0042e67c,_IO_new_file_init,8,22,1.0,8,8,20,0.9090909090909091,0
0x000351c4,_IO_new_file_init_internal,8,22,0x0042e620,_IO_new_file_init_internal,8,22,1.0,8,8,20,0.9090909090909091,0
0x0003607c,_IO_new_file_overflow,24,182,0x0042f9dc,_IO_new_file_overflow,22,190,0.84,21,25,129,0.6935483870967742,0
0x00036404,_IO_new_file_seekoff,32,576,0x0042fe80,_IO_new_file_seekoff,30,517,0.8235294117647058,28,34,365,0.6678865507776761,0
0x0003544c,_IO_new_file_setbuf,8,20,0x0042e9a8,_IO_new_file_setbuf,9,21,0.7,7,10,17,0.8292682926829268,0
0x00036264,_IO_new_file_sync,19,75,0x0042fc6c,_IO_new_file_sync,21,79,0.9047619047619048,19,21,63,0.8181818181818182,0
0x00035ba4,_IO_new_file_underflow,26,409,0x0042f37c,_IO_new_file_underflow,24,334,0.8518518518518519,23,27,253,0.6810228802153432,0
0x00036c24,_IO_new_file_write,19,63,0x004309fc,_IO_new_file_write,19,68,0.9,18,20,50,0.7633587786259542,0
0x00036cc4,_IO_new_file_xsputn,21,144,0x00430b08,_IO_new_file_xsputn,22,155,0.8695652173913043,20,23,109,0.7290969899665551,0
0x0005b914,_IO_new_fopen,3,3,0x00460a08,_IO_new_fopen,3,3,1.0,3,3,3,1.0,0
0x000388ac,_IO_no_init,12,125,0x00432ec4,_IO_no_init,13,123,0.9230769230769231,12,13,110,0.8870967741935484,0
0x0003882c,_IO_old_init,11,71,0x00432e44,_IO_old_init,12,68,0.9166666666666666,11,12,65,0.935251798561151,0
0x00039798,_IO_remove_marker,10,27,0x00433fa8,_IO_remove_marker,10,28,1.0,10,10,24,0.8727272727272727,0
0x00039818,_IO_seekmark,13,67,0x00434064,_IO_seekmark,13,67,1.0,13,13,59,0.8805970149253731,0
0x0005cae8,_IO_seekwmark,13,73,0x00462534,_IO_seekwmark,13,73,1.0,13,13,61,0.8356164383561644,0
0x00038190,_IO_setb,12,26,0x00432490,_IO_setb,12,30,1.0,12,12,19,0.6785714285714286,0
0x000383ec,_IO_sgetn,11,17,0x0043285c,_IO_sgetn,11,17,1.0,11,11,17,1.0,0
0x00038a1c,_IO_sputbackc,18,40,0x00433090,_IO_sputbackc,18,40,0.8947368421052632,17,19,34,0.85,0
0x0005c908,_IO_sputbackwc,17,36,0x00462230,_IO_sputbackwc,17,37,1.0,17,17,33,0.9041095890410958,0
0x000103c0,_IO_stdfiles_init,11,25,0x004008d4,_IO_stdfiles_init,10,23,0.9090909090909091,10,11,18,0.75,0
0x0003a158,_IO_str_count,8,16,0x00434ce0,_IO_str_count,9,15,0.8888888888888888,8,9,9,0.5806451612903226,0
0x0003a454,_IO_str_finish,10,15,0x00435148,_IO_str_finish,9,18,0.9,9,10,14,0.8484848484848485,0
0x00039f14,_IO_str_init_readonly,14,50,0x0043497c,_IO_str_init_readonly,15,53,0.8125,13,16,47,0.912621359223301,0
0x00039e8c,_IO_str_init_static,14,52,0x004348a0,_IO_str_init_static,14,54,0.75,12,16,49,0.9245283018867925,0
0x00039e08,_IO_str_init_static_internal,12,50,0x004347d0,_IO_str_init_static_internal,13,50,0.9230769230769231,12,13,49,0.98,0
0x00039f90,_IO_str_overflow,22,139,0x00434a40,_IO_str_overflow,23,137,0.9565217391304348,22,23,94,0.6811594202898551,0
0x0003a434,_IO_str_pbackfail,14,17,0x00435104,_IO_str_pbackfail,8,11,0.5714285714285714,8,14,8,0.5714285714285714,0
0x0003a174,_IO_str_seekoff,27,289,0x00434d08,_IO_str_seekoff,27,286,0.8,24,30,189,0.6573913043478261,0
0x0003a114,_IO_str_underflow,12,42,0x00434c6c,_IO_str_underflow,13,41,0.9230769230769231,12,13,24,0.5783132530120482,0
0x00038aac,_IO_sungetc,17,35,0x0043315c,_IO_sungetc,18,37,0.9444444444444444,17,18,34,0.9444444444444444,0
0x0005c994,_IO_sungetwc,16,35,0x004622fc,_IO_sungetwc,16,35,1.0,16,16,34,0.9714285714285714,0
0x00037d4c,_IO_switch_to_backup_area,5,24,0x00431e58,_IO_switch_to_backup_area,5,24,1.0,5,5,21,0.875,0
0x00037d80,_IO_switch_to_get_mode,17,55,0x00431e8c,_IO_switch_to_get_mode,17,56,1.0,17,17,51,0.918918918918919,0
0x00037d18,_IO_switch_to_main_get_area,5,24,0x00431e20,_IO_switch_to_main_get_area,5,24,1.0,5,5,21,0.875,0
0x0005bf20,_IO_switch_to_main_wget_area,5,26,0x00461204,_IO_switch_to_main_wget_area,5,26,1.0,5,5,23,0.8846153846153846,0
0x0005bf58,_IO_switch_to_wbackup_area,5,26,0x00461240,_IO_switch_to_wbackup_area,5,26,1.0,5,5,22,0.8461538461538461,0
0x0005c4b0,_IO_switch_to_wget_mode,12,53,0x00461b34,_IO_switch_to_wget_mode,12,54,1.0,12,12,48,0.897196261682243,0
0x000378d4,_IO_un_link,7,9,0x004316b8,_IO_un_link,17,390,0.4117647058823529,7,17,8,0.040100250626566414,0
0x000398c8,_IO_unsave_markers,10,39,0x00434118,_IO_unsave_markers,11,39,0.9090909090909091,10,11,32,0.8205128205128205,0
0x0005cba8,_IO_unsave_wmarkers,11,52,0x00462604,_IO_unsave_wmarkers,11,51,1.0,11,11,46,0.8932038834951457,0
0x00034bdc,_IO_vtable_check,1,1,0x0042dec0,_IO_vtable_check,1,1,1.0,1,1,1,1.0,0
0x0005c448,_IO_wdefault_doallocate,14,35,0x00461a64,_IO_wdefault_doallocate,14,35,1.0,14,14,32,0.9142857142857143,0
0x0005c148,_IO_wdefault_finish,12,41,0x00461520,_IO_wdefault_finish,12,41,1.0,12,12,40,0.975609756097561,0
0x0005bfec,_IO_wdefault_pbackfail,21,134,0x0046132c,_IO_wdefault_pbackfail,21,156,0.9090909090909091,20,22,87,0.6,0
0x0005c1c8,_IO_wdefault_uflow,16,25,0x004615ec,_IO_wdefault_uflow,15,27,0.9375,15,16,23,0.8846153846153846,0
0x0005c824,_IO_wdefault_xsgetn,19,93,0x004620b4,_IO_wdefault_xsgetn,19,106,0.9,18,20,76,0.7638190954773869,0
0x0005c288,_IO_wdefault_xsputn,21,99,0x00461770,_IO_wdefault_xsputn,20,122,0.9523809523809523,20,21,59,0.5339366515837104,0
0x0005cd14,_IO_wdo_write,20,127,0x00462808,_IO_wdo_write,21,126,0.8636363636363636,19,22,83,0.6561264822134387,0
0x0005c3b8,_IO_wdoallocbuf,14,57,0x0046196c,_IO_wdoallocbuf,14,57,1.0,14,14,53,0.9298245614035088,0
0x0005d774,_IO_wfile_overflow,21,250,0x00463588,_IO_wfile_overflow,19,242,0.8181818181818182,18,22,199,0.8089430894308943,0
0x0005dba0,_IO_wfile_seekoff,32,937,0x00463aec,_IO_wfile_seekoff,31,921,0.8529411764705882,29,34,581,0.6254036598493004,0
0x0005da0c,_IO_wfile_sync,20,132,0x004638c4,_IO_wfile_sync,21,130,0.8636363636363636,19,22,94,0.7175572519083969,0
0x0005ce7c,_IO_wfile_underflow,29,900,0x004629f4,_IO_wfile_underflow,25,904,0.8,24,30,602,0.6674057649667405,0
0x0005d748,_IO_wfile_underflow_maybe_mmap,7,12,0x00463520,_IO_wfile_underflow_maybe_mmap,7,12,0.75,6,8,10,0.8333333333333334,0
0x0005d5e4,_IO_wfile_underflow_mmap,17,125,0x00463330,_IO_wfile_underflow_mmap,19,133,0.8947368421052632,17,19,107,0.8294573643410853,0
0x0005e454,_IO_wfile_xsputn,20,117,0x00464660,_IO_wfile_xsputn,21,132,0.9523809523809523,20,21,93,0.7469879518072289,0
0x0005caa8,_IO_wmarker_delta,11,28,0x004624cc,_IO_wmarker_delta,10,35,0.9090909090909091,10,11,26,0.8253968253968254,0
0x0005bf90,_IO_wsetb,12,31,0x00461278,_IO_wsetb,12,35,1.0,12,12,23,0.696969696969697,0
0x0006f0f4,_Unwind_DebugHook,1,1,0x0047c320,_Unwind_DebugHook,1,1,1.0,1,1,1,1.0,0
0x0006f3e0,_Unwind_DeleteException,6,7,0x0047c918,_Unwind_DeleteException,6,7,0.7142857142857143,5,7,5,0.7142857142857143,0
0x0006f278,_Unwind_GetCFA,4,4,0x0047c0a4,_Unwind_GetCFA,4,4,0.6,3,5,2,0.5,0
0x000103b0,_Unwind_GetDataRelBase,2,2,0x0047c1dc,_Unwind_GetDataRelBase,4,5,0.2,1,5,1,0.2857142857142857,0
0x0006f454,_Unwind_GetGR,5,6,0x0047afc8,_Unwind_GetGR,12,28,0.21428571428571427,3,14,2,0.11764705882352941,0
0x0007032c,_Unwind_GetLanguageSpecificData,8,12,0x0047c180,_Unwind_GetLanguageSpecificData,3,3,0.375,3,8,3,0.4,0
0x0007031c,_Unwind_GetRegionStart,4,5,0x0047c18c,_Unwind_GetRegionStart,4,5,0.6,3,5,4,0.8,0
0x000103b8,_Unwind_GetTextRelBase,2,2,0x0047c1e8,_Unwind_GetTextRelBase,4,5,0.2,1,5,1,0.2857142857142857,0
0x0006f4dc,_Unwind_SetGR,5,5,0x0047c0b0,_Unwind_SetGR,13,30,0.2,3,15,2,0.11428571428571428,0
0x0001fe90,____strtol_l_internal,27,444,0x004130e0,____strtol_l_internal,27,499,0.8,24,30,258,0.5471898197242842,0
0x0002eefc,____strtoul_l_internal,25,409,0x00426180,____strtoul_l_internal,26,467,0.8214285714285714,23,28,247,0.5639269406392694,0
0x00057514,___asprintf,6,8,0x0045b090,___asprintf,5,7,0.8333333333333334,5,6,7,0.9333333333333333,0
0x0006be18,___dlmopen,8,15,0x00476548,___dlmopen,9,19,0.5454545454545454,6,11,13,0.7647058823529411,0
0x0006bf78,___dlopen,8,13,0x00476700,___dlopen,9,17,0.5454545454545454,6,11,11,0.7333333333333333,0
0x0006c030,___dlsym,9,27,0x0047684c,___dlsym,10,32,0.7272727272727273,8,11,24,0.8135593220338984,0
0x0006c108,___dlvsym,9,31,0x004769d4,___dlvsym,10,36,0.7272727272727273,8,11,28,0.835820895522388,0
0x00059d18,___printf_fp,9,31,0x0045e5d4,___printf_fp,11,29,0.8181818181818182,9,11,23,0.7666666666666667,0
0x0003aec4,___pthread_mutex_lock,24,456,0x00435e00,___pthread_mutex_lock,22,309,0.7692307692307693,20,26,239,0.6248366013071895,0
0x0003b9f0,___pthread_mutex_unlock,3,3,0x00436a5c,___pthread_mutex_unlock,3,3,1.0,3,3,3,1.0,0
0x0003bbf8,___pthread_once,8,11,0x00436d4c,___pthread_once,9,11,0.8888888888888888,8,9,9,0.8181818181818182,0
0x0005f3bc,___pthread_rwlock_init,15,30,0x004659b0,___pthread_rwlock_init,14,24,0.8125,13,16,16,0.5925925925925926,0
0x0005f40c,___pthread_rwlock_rdlock,27,197,0x00465a30,___pthread_rwlock_rdlock,22,183,0.75,21,28,126,0.6631578947368421,0
0x0005f6e0,___pthread_rwlock_unlock,21,180,0x00465d90,___pthread_rwlock_unlock,19,118,0.7391304347826086,17,23,78,0.5234899328859061,0
0x0005f960,___pthread_rwlock_wrlock,28,332,0x00466070,___pthread_rwlock_wrlock,23,322,0.8214285714285714,23,28,187,0.5718654434250765,0
0x0005ec38,___vsnprintf,11,36,0x004650d8,___vsnprintf,11,35,0.8333333333333334,10,12,26,0.7323943661971831,0
0x0002e7f4,__add_to_environ,20,288,0x00425870,__add_to_environ,18,226,0.8095238095238095,17,21,177,0.688715953307393,0
0x00028710,__alloc_dir,13,54,0x0041d81c,__alloc_dir,14,64,0.8,12,15,43,0.7288135593220338,0
0x0005fe4c,__argz_add_sep,15,59,0x00466670,__argz_add_sep,15,53,0.875,14,16,40,0.7142857142857143,0
0x0005ff10,__argz_create_sep,16,50,0x00466790,__argz_create_sep,16,53,0.8823529411764706,15,17,32,0.6213592233009708,0
0x0006c21c,__atomic_wide_counter_fetch_add_relaxed,14,31,0x00476bc0,__atomic_wide_counter_fetch_add_relaxed,14,36,0.75,12,16,21,0.6268656716417911,0
0x0006c274,__atomic_wide_counter_load_relaxed,14,23,0x00476c24,__atomic_wide_counter_load_relaxed,16,36,0.5789473684210527,11,19,16,0.5423728813559322,0
0x0002b680,__bind,7,8,0x00421950,__bind,7,9,0.4,4,10,5,0.5882352941176471,0
0x0002a6d4,__brk,3,5,0x004201c0,__brk,11,20,0.2727272727272727,3,11,5,0.4,0
0x0001f2b8,__bsd_signal,20,63,0x004123f0,__bsd_signal,20,64,0.9047619047619048,19,21,40,0.6299212598425197,0
0x00029900,__chdir,7,9,0x0041efd0,__chdir,7,9,0.4,4,10,5,0.5555555555555556,0
0x0003ed7c,__chk_fail,3,3,0x0043b2d0,__chk_fail,3,3,1.0,3,3,3,1.0,0
0x0002ece8,__clearenv,16,83,0x00425ee8,__clearenv,12,47,0.6470588235294118,11,17,36,0.5538461538461539,0
0x00028538,__clock_gettime,11,21,0x0041d4d8,__clock_gettime,12,22,0.9166666666666666,11,12,19,0.8837209302325582,0
0x00028408,__clock_gettime64,18,106,0x0041d3a0,__clock_gettime64,17,106,0.9444444444444444,17,18,82,0.7735849056603774,0
0x0006070c,__clock_nanosleep,14,46,0x0046744c,__clock_nanosleep,11,35,0.5625,9,16,16,0.3950617283950617,0
0x00060668,__clock_nanosleep_time64,10,25,0x00467370,__clock_nanosleep_time64,12,28,0.5714285714285714,8,14,17,0.6415094339622641,0
0x0002991c,__close,14,44,0x0041f010,__close,17,47,0.8235294117647058,14,17,27,0.5934065934065934,0
0x0002a2b8,__close_nocancel,11,14,0x0041fd60,__close_nocancel,8,11,0.5833333333333334,7,12,8,0.64,0
0x0002859c,__closedir,9,13,0x0041d580,__closedir,10,13,0.9,9,10,12,0.9230769230769231,0
0x000204e0,__correctly_grouped_prefixmb,18,120,0x00413840,__correctly_grouped_prefixmb,17,143,0.75,15,20,78,0.5931558935361216,0
0x0002a5b8,__cp_stat64_t64_stat64,12,161,0x00420080,__cp_stat64_t64_stat64,15,158,0.8,12,15,116,0.7272727272727273,0
0x0002e5e8,__ctype_b_loc,4,4,0x00425610,__ctype_b_loc,4,4,0.6,3,5,3,0.75,0
0x0002e644,__ctype_init,7,27,0x00425670,__ctype_init,7,27,0.75,6,8,20,0.7407407407407407,0
0x0002e624,__ctype_tolower_loc,4,4,0x00425650,__ctype_tolower_loc,4,4,0.3333333333333333,2,6,1,0.25,0
0x0002e604,__ctype_toupper_loc,4,4,0x00425630,__ctype_toupper_loc,4,4,0.3333333333333333,2,6,1,0.25,0
0x00064658,__current_locale_name,8,11,0x0046c8a0,__current_locale_name,7,10,0.6666666666666666,6,9,8,0.7619047619047619,0
0x0001f93c,__cxa_atexit,3,3,0x00412bcc,__cxa_atexit,3,3,1.0,3,3,3,1.0,0
0x00052178,__dcgettext,2,2,0x004543d0,__dcgettext,2,2,1.0,2,2,2,1.0,0
0x00052da8,__dcigettext,26,2057,0x00455454,__dcigettext,24,2344,0.7857142857142857,22,28,1824,0.8289025221540559,0
0x0006a860,__dl_find_object,24,954,0x0047489c,__dl_find_object,22,680,0.84,21,25,580,0.7099143206854345,0
0x00061e7c,__dl_libc_freemem,13,249,0x00469338,__dl_libc_freemem,13,261,1.0,13,13,235,0.9215686274509803,0
0x0006b77c,__dladdr,2,2,0x00475c60,__dladdr,2,2,1.0,2,2,2,1.0,0
0x0006b788,__dladdr1,8,13,0x00475c80,__dladdr1,8,13,1.0,8,8,13,1.0,0
0x0006b7b0,__dlclose,8,9,0x00475cd0,__dlclose,7,7,0.6666666666666666,6,9,6,0.75,0
0x0006b7d8,__dlerror,16,128,0x00475d10,__dlerror,17,125,0.9411764705882353,16,17,109,0.8616600790513834,0
0x0006bcd4,__dlinfo,5,13,0x004763c8,__dlinfo,5,13,1.0,5,5,13,1.0,0
0x0006bdd0,__dlmopen,8,15,0x004764d4,__dlmopen,9,19,0.5454545454545454,6,11,13,0.7647058823529411,0
0x0006bf34,__dlopen,8,15,0x00476698,__dlopen,7,16,0.6666666666666666,6,9,13,0.8387096774193549,0
0x0006bfd0,__dlsym,9,31,0x004767bc,__dlsym,9,31,0.8,8,10,28,0.9032258064516129,0
0x0006c0a8,__dlvsym,9,35,0x00476940,__dlvsym,9,35,0.8,8,10,32,0.9142857142857143,0
0x000104bc,__do_global_dtors_aux,6,10,0x004009fc,__do_global_dtors_aux,8,11,0.75,6,8,7,0.6666666666666666,0
0x0001f284,__errno_location,4,4,0x004123a0,__errno_location,5,7,0.2857142857142857,2,7,2,0.36363636363636365,0
0x0002a2fc,__fcntl64_nocancel,15,34,0x0041fe90,__fcntl64_nocancel,2,2,0.13333333333333333,2,15,1,0.05555555555555555,0
0x0002a3b8,__fcntl64_nocancel_adjusted,16,36,0x0041fdc0,__fcntl64_nocancel_adjusted,13,26,0.8125,13,16,15,0.4838709677419355,0
0x00066a78,__fdopendir,14,37,0x0046fd20,__fdopendir,15,38,0.9333333333333333,14,15,33,0.88,0
0x0005ecc4,__fgets_unlocked,18,46,0x004651a0,__fgets_unlocked,19,44,0.9473684210526315,18,19,36,0.8,0
0x0005b82c,__fopen_internal,14,70,0x0046089c,__fopen_internal,14,70,1.0,14,14,66,0.9428571428571428,0
0x0005b7c4,__fopen_maybe_mmap,12,30,0x00460820,__fopen_maybe_mmap,12,29,0.8461538461538461,11,13,25,0.847457627118644,0
0x0003ed90,__fortify_fail,3,3,0x0043b300,__fortify_fail,3,3,1.0,3,3,3,1.0,0
0x0002fbcc,__fprintf,6,9,0x004270c0,__fprintf,6,8,1.0,6,6,8,0.9411764705882353,0
0x00029cb4,__fstat64,12,21,0x0041f4b4,__fstat64,13,19,0.9230769230769231,12,13,14,0.7,0
0x00029c70,__fstat64_time64,9,13,0x0041f470,__fstat64_time64,10,12,0.7272727272727273,8,11,9,0.72,0
0x00029f50,__fstatat64,9,11,0x0041f7fc,__fstatat64,9,10,1.0,9,9,10,0.9523809523809523,0
0x00029d30,__fstatat64_time64,19,131,0x0041f560,__fstatat64_time64,21,158,0.8181818181818182,18,22,95,0.657439446366782,0
0x00057544,__funlockfile,15,45,0x0045b0e0,__funlockfile,12,33,0.6875,11,16,25,0.6410256410256411,0
0x0005edf4,__futex_abstimed_wait64,17,45,0x004654f0,__futex_abstimed_wait64,2,2,0.11764705882352941,2,17,2,0.0851063829787234,0
0x0005eea4,__futex_abstimed_wait_cancelable64,20,59,0x00465534,__futex_abstimed_wait_cancelable64,2,2,0.1,2,20,2,0.06557377049180328,0
0x0005efc4,__futex_lock_pi64,14,29,0x0046557c,__futex_lock_pi64,14,26,0.75,12,16,18,0.6545454545454545,0
0x00070630,__gcc_personality_v0,16,122,0x004801f4,__gcc_personality_v0,18,245,0.7894736842105263,15,19,98,0.5340599455040872,0
0x00062338,__gconv,21,140,0x004698f0,__gconv,18,126,0.8571428571428571,18,21,79,0.5939849624060151,0
0x00047944,__gconv_alias_compare,3,4,0x00448580,__gconv_alias_compare,3,4,1.0,3,3,4,1.0,0
0x00049aa4,__gconv_btwoc_ascii,7,7,0x0044b260,__gconv_btwoc_ascii,6,8,0.3,3,10,3,0.4,0
0x00050ff8,__gconv_cache_freemem,7,24,0x00452e74,__gconv_cache_freemem,6,24,0.8571428571428571,6,7,19,0.7916666666666666,0
0x00062538,__gconv_close,11,30,0x00469b80,__gconv_close,12,30,0.9166666666666666,11,12,26,0.8666666666666667,0
0x00048928,__gconv_close_transform,20,137,0x004499e0,__gconv_close_transform,18,77,0.8095238095238095,17,21,65,0.6074766355140186,0
0x00048558,__gconv_compare_alias,12,49,0x00449534,__gconv_compare_alias,13,51,0.9230769230769231,12,13,46,0.92,0
0x00050b2c,__gconv_compare_alias_cache,10,33,0x004527fc,__gconv_compare_alias_cache,11,33,0.9090909090909091,10,11,27,0.8181818181818182,0
0x000499c4,__gconv_conf_freemem,8,11,0x0044b0e8,__gconv_conf_freemem,7,11,0.6666666666666666,6,9,5,0.45454545454545453,0
0x00062720,__gconv_create_spec,23,277,0x00469e70,__gconv_create_spec,21,326,0.8333333333333334,20,24,184,0.6102819237147595,0
0x00048a9c,__gconv_db_freemem,8,42,0x00449ba0,__gconv_db_freemem,8,42,1.0,8,8,42,1.0,0
0x000629e0,__gconv_destroy_spec,4,7,0x0046a1f8,__gconv_destroy_spec,4,7,1.0,4,4,7,1.0,0
0x00051308,__gconv_dl_freemem,5,6,0x00453280,__gconv_dl_freemem,5,6,1.0,5,5,6,1.0,0
0x000510f4,__gconv_find_shlib,20,202,0x00453020,__gconv_find_shlib,15,153,0.75,15,20,126,0.7098591549295775,0
0x0004862c,__gconv_find_transform,18,233,0x00449674,__gconv_find_transform,17,164,0.8421052631578947,16,19,148,0.7455919395465995,0
0x00047a98,__gconv_get_alias_db,2,3,0x00448830,__gconv_get_alias_db,2,3,1.0,2,2,3,1.0,0
0x000499f0,__gconv_get_builtin_trans,13,68,0x0044b140,__gconv_get_builtin_trans,13,69,1.0,13,13,61,0.8905109489051095,0
0x0005091c,__gconv_get_cache,2,3,0x0045253c,__gconv_get_cache,2,3,1.0,2,2,3,1.0,0
0x00047a88,__gconv_get_modules_db,2,3,0x00448810,__gconv_get_modules_db,2,3,1.0,2,2,3,1.0,0
0x00048b38,__gconv_get_path,21,475,0x00449c90,__gconv_get_path,22,558,0.9545454545454546,21,22,434,0.8402710551790901,0
0x0005092c,__gconv_load_cache,19,188,0x0045255c,__gconv_load_cache,19,178,1.0,19,19,173,0.9453551912568307,0
0x000499a4,__gconv_load_conf,3,4,0x0044b0c4,__gconv_load_conf,3,4,1.0,3,3,4,1.0,0
0x00050bbc,__gconv_lookup_cache,21,510,0x004528cc,__gconv_lookup_cache,23,642,0.9130434782608695,21,23,372,0.6458333333333334,0
0x00061fdc,__gconv_open,22,451,0x004694f0,__gconv_open,26,381,0.8461538461538461,22,26,303,0.7283653846153846,0
0x00049698,__gconv_read_conf,19,284,0x0044ac04,__gconv_read_conf,22,726,0.8636363636363636,19,22,232,0.4594059405940594,0
0x00050fdc,__gconv_release_cache,6,8,0x00452e38,__gconv_release_cache,6,8,0.7142857142857143,5,7,5,0.625,0
0x000512e4,__gconv_release_shlib,5,5,0x00453258,__gconv_release_shlib,5,5,1.0,5,5,5,1.0,0
0x00047aac,__gconv_release_step,15,47,0x00448850,__gconv_release_step,12,32,0.8,12,15,29,0.7341772151898734,0
0x0004b344,__gconv_transform_ascii_internal,26,363,0x0044cd5c,__gconv_transform_ascii_internal,24,474,0.9230769230769231,24,26,259,0.6188769414575866,0
0x0004b7ac,__gconv_transform_internal_ascii,29,992,0x0044d1f0,__gconv_transform_internal_ascii,0,0,0.0,0,29,0,0.0,0
0x0004e3e8,__gconv_transform_internal_ucs2,29,1060,0x0044fde0,__gconv_transform_internal_ucs2,0,0,0.0,0,29,0,0.0,0
0x0004f744,__gconv_transform_internal_ucs2reverse,29,1056,0x004511b4,__gconv_transform_internal_ucs2reverse,0,0,0.0,0,29,0,0.0,0
0x00049ab4,__gconv_transform_internal_ucs4,33,534,0x0044b280,__gconv_transform_internal_ucs4,25,467,0.7058823529411765,24,34,216,0.43156843156843155,0
0x0004a744,__gconv_transform_internal_ucs4le,30,410,0x0044bec8,__gconv_transform_internal_ucs4le,24,621,0.7419354838709677,23,31,240,0.4655674102812803,0
0x0004c2f0,__gconv_transform_internal_utf8,29,1079,0x0044dce8,__gconv_transform_internal_utf8,26,1502,0.896551724137931,26,29,716,0.5548237117396358,0
0x0004dc70,__gconv_transform_ucs2_internal,27,595,0x0044f68c,__gconv_transform_ucs2_internal,27,740,0.9285714285714286,26,28,393,0.5887640449438202,0
0x0004efb0,__gconv_transform_ucs2reverse_internal,29,611,0x004509f8,__gconv_transform_ucs2reverse_internal,28,737,0.9655172413793104,28,29,404,0.599406528189911,0
0x0004a080,__gconv_transform_ucs4_internal,31,580,0x0044b838,__gconv_transform_ucs4_internal,0,0,0.0,0,31,0,0.0,0
0x0004ac48,__gconv_transform_ucs4le_internal,29,563,0x0044c560,__gconv_transform_ucs4le_internal,27,1006,0.8064516129032258,25,31,338,0.4308476736775016,0
0x0004cf58,__gconv_transform_utf8_internal,30,1059,0x0044e970,__gconv_transform_utf8_internal,29,1156,0.9666666666666667,29,30,698,0.6302483069977427,0
0x0005031c,__gconv_transliterate,23,356,0x00451e00,__gconv_transliterate,23,358,0.7692307692307693,20,26,225,0.6302521008403361,0
0x0002abe0,__get_avphys_pages,13,36,0x004209b0,__get_avphys_pages,14,35,0.8,12,15,21,0.5915492957746479,0
0x0006c1f4,__get_child_max,9,9,0x00476b60,__get_child_max,11,12,0.8181818181818182,9,11,8,0.7619047619047619,0
0x0005b2bc,__get_errlist,9,11,0x004601d0,__get_errlist,9,13,1.0,9,9,10,0.8333333333333334,0
0x00033a8c,__get_errname,12,18,0x0042c720,__get_errname,12,20,1.0,12,12,13,0.6842105263157895,0
0x0002ab0c,__get_nprocs,7,15,0x004207c8,__get_nprocs,6,14,0.8571428571428571,6,7,11,0.7586206896551724,0
0x0002ab44,__get_nprocs_conf,7,15,0x0042085c,__get_nprocs_conf,6,14,0.8571428571428571,6,7,11,0.7586206896551724,0
0x0002aac0,__get_nprocs_sched,3,3,0x00420750,__get_nprocs_sched,13,17,0.23076923076923078,3,13,3,0.3,0
0x0002ab7c,__get_phys_pages,13,36,0x004208f0,__get_phys_pages,14,35,0.8,12,15,21,0.5915492957746479,0
0x0006719c,__getclktck,5,7,0x00470560,__getclktck,4,8,0.5,3,6,5,0.6666666666666666,0
0x00060970,__getcwd,29,658,0x004676e0,__getcwd,22,633,0.7586206896551724,22,29,391,0.6057319907048799,0
0x0005b91c,__getdelim,25,325,0x00460a30,__getdelim,23,278,0.8461538461538461,22,26,197,0.6533996683250415,0
0x0003dbf4,__getdents,25,110,0x00439990,__getdents,22,111,0.8076923076923077,21,26,65,0.5882352941176471,0
0x0003dd44,__getdents64,12,18,0x00439b60,__getdents64,6,7,0.38461538461538464,5,13,5,0.4,0
0x000671c4,__getdtablesize,9,9,0x004705a0,__getdtablesize,8,10,0.8888888888888888,8,9,8,0.8421052631578947,0
0x0003e1b8,__getpagesize,6,12,0x0043a230,__getpagesize,6,12,1.0,6,6,12,1.0,0
0x00028e80,__getpid,2,2,0x0041e240,__getpid,3,3,0.6666666666666666,2,3,2,0.8,0
0x00028ea0,__getppid,2,2,0x0041e260,__getppid,3,3,0.6666666666666666,2,3,2,0.8,0
0x0002b770,__getsockname,7,8,0x00421ad0,__getsockname,7,9,0.4,4,10,5,0.5882352941176471,0
0x0002b790,__getsockopt,11,14,0x00421b10,__getsockopt,13,22,0.8461538461538461,11,13,10,0.5555555555555556,0
0x00056b08,__gettext_extract_plural,21,69,0x0045a280,__gettext_extract_plural,21,64,0.9090909090909091,20,22,52,0.7819548872180451,0
0x0005616c,__gettext_free_exp,9,28,0x00459660,__gettext_free_exp,9,28,1.0,9,9,27,0.9642857142857143,0
0x000561bc,__gettextparse,26,695,0x00459720,__gettextparse,27,687,0.8928571428571429,25,28,471,0.6816208393632417,0
0x00025564,__glibc_morecore,6,13,0x004195c4,__glibc_morecore,8,12,0.75,6,8,10,0.8,0
0x000575f4,__grouping_iterator_init,21,89,0x0045b1b0,__grouping_iterator_init,20,155,0.7083333333333334,17,24,64,0.5245901639344263,0
0x000575c8,__grouping_iterator_init_none,5,8,0x0045b170,__grouping_iterator_init_none,6,60,0.5714285714285714,4,7,7,0.20588235294117646,0
0x000576e0,__grouping_iterator_next,17,47,0x0045b308,__grouping_iterator_next,14,39,0.631578947368421,12,19,26,0.6046511627906976,0
0x0005ab7c,__handle_registered_modifier_mb,19,134,0x0045f820,__handle_registered_modifier_mb,19,136,1.0,19,19,97,0.7185185185185186,0
0x0005acb8,__handle_registered_modifier_wc,18,113,0x0045f988,__handle_registered_modifier_wc,19,119,0.9473684210526315,18,19,67,0.5775862068965517,0
0x00056c0c,__hash_string,15,29,0x0045a400,__hash_string,14,23,0.9333333333333333,14,15,13,0.5,0
0x0002bdf0,__inet_addr,8,9,0x00422594,__inet_addr,7,10,0.875,7,8,7,0.7368421052631579,0
0x0002bd98,__inet_aton_exact,12,16,0x004224d8,__inet_aton_exact,10,16,0.8333333333333334,10,12,12,0.75,0
0x0002bdd8,__inet_aton_ignore_trailing,4,4,0x0042255c,__inet_aton_ignore_trailing,4,4,1.0,4,4,3,0.75,0
0x0003ed34,__init_misc,10,24,0x0043b240,__init_misc,9,23,0.9,9,10,16,0.6808510638297872,0
0x0003bc30,__init_sched_fifo_prio,4,10,0x00436da0,__init_sched_fifo_prio,4,10,1.0,4,4,10,1.0,0
0x0001f7cc,__internal_atexit,17,124,0x00412a50,__internal_atexit,13,67,0.6666666666666666,12,18,53,0.5549738219895288,0
0x000535bc,__intl_freemem,9,83,0x00455e20,__intl_freemem,9,83,1.0,9,9,81,0.9759036144578314,0
0x0002ac44,__ioctl,13,15,0x00420a80,__ioctl,9,14,0.375,6,16,5,0.3448275862068966,0
0x00061210,__isatty,7,7,0x00468150,__isatty,6,6,0.8571428571428571,6,7,4,0.6153846153846154,0
0x0001fe4c,__isoc23_strtol,8,11,0x00413088,__isoc23_strtol,6,6,0.5555555555555556,5,9,5,0.5882352941176471,0
0x000204bc,__isoc23_strtol_l,2,2,0x00413800,__isoc23_strtol_l,2,2,1.0,2,2,2,1.0,0
0x0002eeb8,__isoc23_strtoul,8,11,0x00426128,__isoc23_strtoul,6,6,0.5555555555555556,5,9,5,0.5882352941176471,0
0x0002f498,__isoc23_strtoul_l,2,2,0x00426824,__isoc23_strtoul_l,2,2,1.0,2,2,2,1.0,0
0x0001f590,__kill,7,8,0x004127a0,__kill,7,8,0.5555555555555556,5,9,3,0.375,0
0x0002b5b4,__libc_accept,14,44,0x00421810,__libc_accept,17,47,0.8235294117647058,14,17,27,0.5934065934065934,0
0x0005ed78,__libc_alloca_cutoff,14,14,0x004652a0,__libc_alloca_cutoff,11,27,0.5625,9,16,9,0.43902439024390244,0
0x0002e594,__libc_assert_fail,6,9,0x00425590,__libc_assert_fail,6,9,1.0,6,6,9,1.0,0
0x0002976c,__libc_atfork_freemem,14,93,0x0041ed74,__libc_atfork_freemem,13,51,0.6875,11,16,39,0.5416666666666666,0
0x00026a60,__libc_calloc,26,557,0x0041b06c,__libc_calloc,25,448,0.8888888888888888,24,27,347,0.690547263681592,0
0x0002e4dc,__libc_check_standard_fds,2,4,0x00425440,__libc_check_standard_fds,2,4,1.0,2,2,4,1.0,0
0x0003a660,__libc_cleanup_pop_restore,15,50,0x0043541c,__libc_cleanup_pop_restore,16,59,0.8235294117647058,14,17,32,0.5871559633027523,0
0x0003a5dc,__libc_cleanup_push_defer,13,31,0x004353a0,__libc_cleanup_push_defer,13,40,0.8571428571428571,12,14,23,0.647887323943662,0
0x0002b6a0,__libc_connect,14,44,0x00421990,__libc_connect,17,47,0.8235294117647058,14,17,27,0.5934065934065934,0
0x00061e04,__libc_dlclose,8,24,0x00469298,__libc_dlclose,8,25,1.0,8,8,23,0.9387755102040817,0
0x0006c168,__libc_dlerror_result_free,11,43,0x00476a70,__libc_dlerror_result_free,14,47,0.7857142857142857,11,14,37,0.8222222222222222,0
0x00061b98,__libc_dlopen_mode,9,29,0x00468f28,__libc_dlopen_mode,11,33,0.8181818181818182,9,11,28,0.9032258064516129,0
0x00061c94,__libc_dlsym,13,37,0x0046909c,__libc_dlsym,13,34,0.8571428571428571,12,14,27,0.7605633802816901,0
0x00061c24,__libc_dlsym_private,13,36,0x00468fec,__libc_dlsym_private,13,33,0.8571428571428571,12,14,26,0.7536231884057971,0
0x00061d04,__libc_dlvsym,20,105,0x0046914c,__libc_dlvsym,19,103,0.95,19,20,88,0.8461538461538461,0
0x0003c2e4,__libc_dynarray_at_failure,4,5,0x00437680,__libc_dynarray_at_failure,4,5,1.0,4,4,5,1.0,0
0x0003c31c,__libc_dynarray_emplace_enlarge,20,57,0x004376e0,__libc_dynarray_emplace_enlarge,21,69,0.9523809523809523,20,21,50,0.7936507936507936,0
0x0002e330,__libc_early_init,15,69,0x00425220,__libc_early_init,17,67,0.7777777777777778,14,18,52,0.7647058823529411,0
0x000208d0,__libc_fatal,3,3,0x0042de90,__libc_fatal,3,3,1.0,3,3,3,1.0,0
0x000299d4,__libc_fcntl,18,181,0x0041f130,__libc_fcntl,19,123,0.7619047619047619,16,21,69,0.45394736842105265,0
0x00028934,__libc_fork,21,1531,0x0041dc50,__libc_fork,19,440,0.8181818181818182,18,22,235,0.23845763571790968,0
0x00025fe0,__libc_free,20,109,0x0041a318,__libc_free,20,112,0.9047619047619048,19,21,72,0.6515837104072398,0
0x0002e50c,__libc_init_first,4,15,0x004254b0,__libc_init_first,4,15,1.0,4,4,15,1.0,0
0x00055944,__libc_localealias_freemem,4,9,0x00458be4,__libc_localealias_freemem,4,9,1.0,4,4,9,1.0,0
0x000272e0,__libc_mallinfo,5,23,0x0041bb54,__libc_mallinfo,5,23,1.0,5,5,22,0.9565217391304348,0
0x000271d4,__libc_mallinfo2,16,242,0x0041b9b0,__libc_mallinfo2,16,163,0.8823529411764706,15,17,118,0.582716049382716,0
0x000257d4,__libc_malloc,25,424,0x004198a0,__libc_malloc,24,384,0.8846153846153846,23,26,283,0.7004950495049505,0
0x00027580,__libc_mallopt,19,243,0x0041bed0,__libc_mallopt,18,177,0.7619047619047619,16,21,133,0.6333333333333333,0
0x000268c8,__libc_memalign,5,12,0x0041ae28,__libc_memalign,5,12,1.0,5,5,12,1.0,0
0x000206f4,__libc_message_impl,19,212,0x0042dc20,__libc_message_impl,19,207,1.0,19,19,152,0.7255369928400954,0
0x00029f88,__libc_open,15,38,0x0041f880,__libc_open,17,65,0.6842105263157895,13,19,19,0.36893203883495146,0
0x00061290,__libc_openat64,18,53,0x00468300,__libc_openat64,18,59,0.8,16,20,30,0.5357142857142857,0
0x0005add4,__libc_printf_freemem,11,35,0x0045fad8,__libc_printf_freemem,11,37,0.8333333333333334,10,12,26,0.7222222222222222,0
0x000269dc,__libc_pvalloc,15,35,0x0041afb4,__libc_pvalloc,16,34,0.8235294117647058,14,17,29,0.8405797101449275,0
0x0002a0a0,__libc_read,14,44,0x0041fa10,__libc_read,17,47,0.8235294117647058,14,17,27,0.5934065934065934,0
0x000262b0,__libc_realloc,28,695,0x0041a6d8,__libc_realloc,28,691,0.9310344827586207,27,29,373,0.5382395382395382,0
0x0002b7fc,__libc_recv,14,42,0x00421bf0,__libc_recv,17,46,0.8235294117647058,14,17,27,0.6136363636363636,0
0x0002b8d4,__libc_recvfrom,14,42,0x00421d50,__libc_recvfrom,17,53,0.8235294117647058,14,17,26,0.5473684210526316,0
0x0003c184,__libc_scratch_buffer_grow_preserve,15,42,0x00437420,__libc_scratch_buffer_grow_preserve,16,43,0.8235294117647058,14,17,31,0.7294117647058823,0
0x0003c224,__libc_scratch_buffer_set_array_size,18,59,0x00437530,__libc_scratch_buffer_set_array_size,20,61,0.7272727272727273,16,22,41,0.6833333333333333,0
0x0002b9b4,__libc_send,14,42,0x00421ed0,__libc_send,17,46,0.8235294117647058,14,17,27,0.6136363636363636,0
0x0002ba8c,__libc_sendto,14,42,0x00422030,__libc_sendto,17,53,0.8235294117647058,14,17,26,0.5473684210526316,0
0x0002edec,__libc_setenv_freemem,5,8,0x00426028,__libc_setenv_freemem,5,8,1.0,5,5,8,1.0,0
0x0001ef94,__libc_setup_tls,22,391,0x00412000,__libc_setup_tls,24,336,0.9166666666666666,22,24,290,0.797799174690509,0
0x0001f400,__libc_sigaction,20,102,0x004125c0,__libc_sigaction,11,49,0.55,11,20,28,0.3708609271523179,0
0x0001ec3c,__libc_start_call_main,16,53,0x00411c74,__libc_start_call_main,17,60,0.9411764705882353,16,17,40,0.7079646017699115,0
0x0001ece0,__libc_start_main_impl,16,181,0x00411d64,__libc_start_main_impl,16,151,1.0,16,16,141,0.8493975903614458,0
0x0002698c,__libc_valloc,8,16,0x0041af38,__libc_valloc,5,17,0.625,5,8,11,0.6666666666666666,0
0x0002a1f0,__libc_write,14,44,0x0041fc30,__libc_write,17,47,0.8235294117647058,14,17,27,0.5934065934065934,0
0x0005e884,__libio_codecvt_encoding,7,20,0x00464b74,__libio_codecvt_encoding,6,18,0.625,5,8,15,0.7894736842105263,0
0x0005e7b8,__libio_codecvt_in,13,60,0x00464aac,__libio_codecvt_in,14,52,0.5882352941176471,10,17,33,0.5892857142857143,0
0x0005e8b0,__libio_codecvt_length,18,102,0x00464bb8,__libio_codecvt_length,14,83,0.7777777777777778,14,18,58,0.6270270270270271,0
0x0005e6ec,__libio_codecvt_out,13,60,0x004649e4,__libio_codecvt_out,14,52,0.5882352941176471,10,17,32,0.5714285714285714,0
0x000392e0,__libio_freemem,10,22,0x00433a24,__libio_freemem,9,18,0.9,9,10,14,0.7,0
0x0002b7e0,__listen,7,8,0x00421bb0,__listen,7,9,0.4,4,10,5,0.5882352941176471,0
0x00020964,__lll_lock_wait,10,24,0x00413b88,__lll_lock_wait,6,10,0.45454545454545453,5,11,8,0.47058823529411764,0
0x000208e8,__lll_lock_wait_private,10,24,0x00413af0,__lll_lock_wait_private,6,10,0.45454545454545453,5,11,8,0.47058823529411764,0
0x00020a04,__lll_lock_wake,2,2,0x00413c50,__lll_lock_wake,2,2,1.0,2,2,2,1.0,0
0x000209e4,__lll_lock_wake_private,2,2,0x00413c34,__lll_lock_wake_private,2,2,1.0,2,2,2,1.0,0
0x00067110,__lseek,15,27,0x00468190,__lseek,16,34,0.9375,15,16,15,0.4918032786885246,0
0x0003dfdc,__lseek64,15,21,0x00439f80,__lseek64,16,25,0.7222222222222222,13,18,10,0.43478260869565216,0
0x00061248,__lstat64,6,9,0x00468274,__lstat64,6,8,1.0,6,6,8,0.9411764705882353,0
0x00061230,__lstat64_time64,2,2,0x00468250,__lstat64_time64,2,2,1.0,2,2,2,1.0,0
0x0002acb0,__madvise,7,9,0x00420b00,__madvise,7,9,0.4,4,10,5,0.5555555555555556,0
0x00026104,__malloc_arena_thread_freeres,22,166,0x0041a4d8,__malloc_arena_thread_freeres,21,134,0.8695652173913043,20,23,107,0.7133333333333334,0
0x0002b1ac,__malloc_default_thp_pagesize,17,33,0x00421280,__malloc_default_thp_pagesize,15,29,0.7777777777777778,14,18,23,0.7419354838709677,0
0x0002559c,__malloc_fork_lock_parent,14,73,0x00419628,__malloc_fork_lock_parent,13,42,0.6875,11,16,29,0.5043478260869565,0
0x00025724,__malloc_fork_unlock_child,14,66,0x00419808,__malloc_fork_unlock_child,12,54,0.7333333333333333,11,15,38,0.6333333333333333,0
0x0002566c,__malloc_fork_unlock_parent,12,61,0x0041971c,__malloc_fork_unlock_parent,13,43,0.7857142857142857,11,14,32,0.6153846153846154,0
0x0002b304,__malloc_hugepage_config,30,196,0x00421474,__malloc_hugepage_config,25,148,0.71875,23,32,101,0.5872093023255814,0
0x000211cc,__malloc_info,26,610,0x00414710,__malloc_info,23,562,0.8148148148148148,22,27,375,0.6399317406143344,0
0x0002734c,__malloc_stats,18,257,0x0041bc08,__malloc_stats,18,321,0.8947368421052632,17,19,194,0.671280276816609,0
0x0002b240,__malloc_thp_mode,10,37,0x0042135c,__malloc_thp_mode,10,35,1.0,10,10,30,0.8333333333333334,0
0x00026ecc,__malloc_trim,25,247,0x0041b598,__malloc_trim,25,252,0.8518518518518519,23,27,163,0.6533066132264529,0
0x0002719c,__malloc_usable_size,11,25,0x0041b960,__malloc_usable_size,11,25,1.0,11,11,22,0.88,0
0x0003c468,__memchr,23,99,0x00437900,__memchr,21,111,0.76,19,25,60,0.5714285714285714,0
0x000666e0,__memmem,24,186,0x0046f724,__memmem,24,182,0.92,23,25,128,0.6956521739130435,0
0x0005ffc8,__memrchr,20,106,0x004668b0,__memrchr,21,91,0.782608695652174,18,23,60,0.6091370558375635,0
0x0002accc,__mmap,15,24,0x00420b30,__mmap,16,30,0.9375,15,16,15,0.5555555555555556,0
0x0003e20c,__mmap64,16,27,0x0043a290,__mmap64,21,37,0.6818181818181818,15,22,16,0.5,0
0x0006b6b0,__mpn_add_n,14,120,0x00475a70,__mpn_add_n,14,98,0.75,12,16,44,0.4036697247706422,0
0x0006b730,__mpn_addmul_1,15,39,0x00475b90,__mpn_addmul_1,16,60,0.8235294117647058,14,17,21,0.42424242424242425,0
0x00064680,__mpn_cmp,11,26,0x0046c8d0,__mpn_cmp,11,28,1.0,11,11,25,0.9259259259259259,0
0x000646cc,__mpn_divrem,34,516,0x0046c930,__mpn_divrem,31,496,0.7567567567567568,28,37,233,0.46047430830039526,0
0x00065bcc,__mpn_extract_double,19,69,0x0046e760,__mpn_extract_double,22,111,0.782608695652174,18,23,37,0.4111111111111111,0
0x00065248,__mpn_impn_mul_n,21,174,0x0046d8a8,__mpn_impn_mul_n,22,151,0.8695652173913043,20,23,132,0.8123076923076923,0
0x0006515c,__mpn_impn_mul_n_basecase,18,67,0x0046d700,__mpn_impn_mul_n_basecase,17,69,0.8421052631578947,16,19,43,0.6323529411764706,0
0x000656d8,__mpn_impn_sqr_n,20,162,0x0046df38,__mpn_impn_sqr_n,22,154,0.8260869565217391,19,23,104,0.6582278481012658,0
0x000655f4,__mpn_impn_sqr_n_basecase,18,66,0x0046dd94,__mpn_impn_sqr_n_basecase,17,72,0.8421052631578947,16,19,42,0.6086956521739131,0
0x00064dc8,__mpn_lshift,15,37,0x0046d1a0,__mpn_lshift,18,97,0.8333333333333334,15,18,27,0.40298507462686567,0
0x00064e20,__mpn_mul,23,300,0x0046d270,__mpn_mul,24,297,0.8076923076923077,21,26,194,0.6499162479061976,0
0x00065120,__mpn_mul_1,14,24,0x0046d660,__mpn_mul_1,14,47,1.0,14,14,17,0.4788732394366197,0
0x000659cc,__mpn_mul_n,11,28,0x0046e3c4,__mpn_mul_n,12,31,0.9166666666666666,11,12,22,0.7457627118644068,0
0x00065a50,__mpn_rshift,17,43,0x0046e4a0,__mpn_rshift,16,87,0.7368421052631579,14,19,29,0.4461538461538462,0
0x00065af0,__mpn_sub_n,18,134,0x0046e570,__mpn_sub_n,14,98,0.7777777777777778,14,18,51,0.4396551724137931,0
0x00065b70,__mpn_submul_1,17,43,0x0046e690,__mpn_submul_1,17,60,0.8888888888888888,16,18,22,0.42718446601941745,0
0x0002ad50,__mprotect,7,9,0x00420bf0,__mprotect,7,9,0.4,4,10,5,0.5555555555555556,0
0x0002b06c,__mremap,13,15,0x00421080,__mremap,15,30,0.8666666666666667,13,15,11,0.4888888888888889,0
0x0002ad70,__munmap,7,9,0x00420c30,__munmap,7,9,0.4,4,10,5,0.5555555555555556,0
0x0003de5c,__nanosleep,14,55,0x00439cfc,__nanosleep,16,39,0.875,14,16,26,0.5531914893617021,0
0x0003de18,__nanosleep64,11,13,0x00439c90,__nanosleep64,12,12,0.9166666666666666,11,12,10,0.8,0
0x0001f694,__new_exitfn,18,122,0x004128e0,__new_exitfn,18,136,1.0,18,18,93,0.7209302325581395,0
0x0003e174,__new_getrlimit,11,13,0x0043a1d0,__new_getrlimit,8,11,0.5833333333333334,7,12,8,0.6666666666666666,0
0x000616c0,__nptl_change_stack_perm,10,19,0x004688d8,__nptl_change_stack_perm,13,20,0.6428571428571429,9,14,13,0.6666666666666666,0
0x0005f1dc,__nptl_deallocate_stack,20,238,0x004657c8,__nptl_deallocate_stack,17,96,0.7619047619047619,16,21,70,0.41916167664670656,0
0x00020a24,__nptl_deallocate_tsd,15,87,0x00413c70,__nptl_deallocate_tsd,17,94,0.8823529411764706,15,17,68,0.7513812154696132,0
0x0005f100,__nptl_free_stacks,17,109,0x0046569c,__nptl_free_stacks,16,87,0.8333333333333334,15,18,71,0.7244897959183674,0
0x0005f098,__nptl_stack_list_add,13,43,0x0046565c,__nptl_stack_list_add,6,16,0.35714285714285715,5,14,9,0.3050847457627119,0
0x0005f048,__nptl_stack_list_del,10,28,0x00465620,__nptl_stack_list_del,6,13,0.45454545454545453,5,11,7,0.34146341463414637,0
0x0003e050,__open64_nocancel,10,11,0x0043a030,__open64_nocancel,9,18,0.1875,3,16,3,0.20689655172413793,0
0x0002a464,__open_nocancel,9,10,0x0041fee0,__open_nocancel,9,18,0.2,3,15,3,0.21428571428571427,0
0x0002a4f0,__openat_nocancel,13,15,0x0041ff90,__openat_nocancel,9,18,0.375,6,16,6,0.36363636363636365,0
0x000286c8,__opendir,11,17,0x0041d7a4,__opendir,10,13,0.75,9,12,11,0.7333333333333333,0
0x00028680,__opendirat,11,16,0x0041d730,__opendirat,10,12,0.75,9,12,10,0.7142857142857143,0
0x00037e78,__overflow,13,23,0x00431ffc,__overflow,13,23,1.0,13,13,23,1.0,0
0x00033ad8,__parse_one_specmb,27,1182,0x0042c780,__parse_one_specmb,25,1314,0.8571428571428571,24,28,853,0.6834935897435898,0
0x0002776c,__posix_memalign,16,32,0x0041c12c,__posix_memalign,16,36,0.8823529411764706,15,17,25,0.7352941176470589,0
0x0002b0e0,__prctl,7,8,0x00421130,__prctl,7,9,0.4,4,10,5,0.5882352941176471,0
0x0003e0e0,__pread64_nocancel,11,14,0x0043a0e0,__pread64_nocancel,14,19,0.7857142857142857,11,14,9,0.5454545454545454,0
0x00031a54,__printf_buffer,36,4624,0x00429c30,__printf_buffer,31,5139,0.717948717948718,28,39,2634,0.5395882413192666,0
0x00065cb8,__printf_buffer_as_file_commit,10,48,0x0046e900,__printf_buffer_as_file_commit,10,48,1.0,10,10,48,1.0,0
0x00065ebc,__printf_buffer_as_file_init,6,36,0x0046ebd8,__printf_buffer_as_file_init,6,36,1.0,6,6,32,0.8888888888888888,0
0x00065db0,__printf_buffer_as_file_overflow,14,81,0x0046ea00,__printf_buffer_as_file_overflow,14,81,1.0,14,14,76,0.9382716049382716,0
0x00065f28,__printf_buffer_as_file_terminate,8,11,0x0046ec68,__printf_buffer_as_file_terminate,8,11,1.0,8,8,11,1.0,0
0x00065e70,__printf_buffer_as_file_xsputn,11,34,0x0046eb40,__printf_buffer_as_file_xsputn,11,34,1.0,11,11,27,0.7941176470588235,0
0x00057764,__printf_buffer_done,23,55,0x0045b3b0,__printf_buffer_done,20,49,0.72,18,25,34,0.6538461538461539,0
0x00065f4c,__printf_buffer_flush,16,74,0x0046ecc0,__printf_buffer_flush,24,126,0.6666666666666666,16,24,61,0.61,0
0x0005e94c,__printf_buffer_flush_asprintf,17,60,0x00464c50,__printf_buffer_flush_asprintf,18,60,0.9444444444444444,17,18,54,0.9,0
0x00059924,__printf_buffer_flush_fp,18,95,0x0045df98,__printf_buffer_flush_fp,20,95,0.9,18,20,80,0.8421052631578947,0
0x00059b78,__printf_buffer_flush_fp_to_wide,16,83,0x0045e338,__printf_buffer_flush_fp_to_wide,18,85,0.7894736842105263,15,19,65,0.7738095238095238,0
0x0005a7e0,__printf_buffer_flush_fphex_to_wide,15,56,0x0045f2b8,__printf_buffer_flush_fphex_to_wide,14,56,0.8125,13,16,45,0.8035714285714286,0
0x0005eaec,__printf_buffer_flush_snprintf,13,58,0x00464f20,__printf_buffer_flush_snprintf,13,57,0.8571428571428571,12,14,50,0.8695652173913043,0
0x000579e0,__printf_buffer_flush_to_file,21,160,0x0045b798,__printf_buffer_flush_to_file,20,159,0.9523809523809523,20,21,134,0.8401253918495298,0
0x000577e8,__printf_buffer_pad_1,16,51,0x0045b450,__printf_buffer_pad_1,16,55,0.6842105263157895,13,19,38,0.7169811320754716,0
0x0005788c,__printf_buffer_putc_1,11,25,0x0045b570,__printf_buffer_putc_1,13,26,0.6,9,15,20,0.7843137254901961,0
0x000578fc,__printf_buffer_puts_1,14,50,0x0045b620,__printf_buffer_puts_1,16,54,0.7647058823529411,13,17,39,0.75,0
0x0005eb80,__printf_buffer_snprintf_done,8,19,0x00464fb8,__printf_buffer_snprintf_done,8,22,1.0,8,8,19,0.926829268292683,0
0x0005eb40,__printf_buffer_snprintf_init,11,31,0x00464f80,__printf_buffer_snprintf_init,8,27,0.7272727272727273,8,11,20,0.6896551724137931,0
0x00057b84,__printf_buffer_to_file_done,7,11,0x0045b9fc,__printf_buffer_to_file_done,7,11,1.0,7,7,11,1.0,0
0x00057b44,__printf_buffer_to_file_init,9,35,0x0045b9b8,__printf_buffer_to_file_init,9,35,1.0,9,9,27,0.7714285714285715,0
0x000579b8,__printf_buffer_to_file_switch,7,22,0x0045b760,__printf_buffer_to_file_switch,7,22,1.0,7,7,21,0.9545454545454546,0
0x00057bb0,__printf_buffer_write,15,55,0x0045ba60,__printf_buffer_write,17,58,0.6842105263157895,13,19,40,0.7079646017699115,0
0x00057dd0,__printf_fp_buffer_1,37,4912,0x0045bd5c,__printf_fp_buffer_1,37,4671,0.7619047619047619,32,42,2923,0.61003861003861,0
0x00059a14,__printf_fp_l_buffer,17,144,0x0045e128,__printf_fp_l_buffer,16,144,0.9411764705882353,16,17,114,0.7916666666666666,0
0x00059db4,__printf_fphex_buffer,31,807,0x0045e6f0,__printf_fphex_buffer,31,1033,0.8235294117647058,28,34,429,0.46630434782608693,0
0x0005a7d4,__printf_fphex_l_buffer,5,8,0x0045f294,__printf_fphex_l_buffer,5,8,1.0,5,5,8,1.0,0
0x0005a8e0,__printf_function_invoke,15,52,0x0045f490,__printf_function_invoke,17,57,0.7777777777777778,14,18,41,0.7522935779816514,0
0x0003b9f8,__pthread_cleanup_combined_routine_voidptr,8,18,0x00436af4,__pthread_cleanup_combined_routine_voidptr,8,18,0.7777777777777778,7,9,16,0.8888888888888888,0
0x0005edc8,__pthread_cleanup_pop,13,20,0x00465320,__pthread_cleanup_pop,10,15,0.5333333333333333,8,15,11,0.6285714285714286,0
0x0005eda8,__pthread_cleanup_push,10,20,0x00465300,__pthread_cleanup_push,7,14,0.5454545454545454,6,11,9,0.5294117647058824,0
0x0003c040,__pthread_current_priority,19,122,0x0043725c,__pthread_current_priority,16,98,0.75,15,20,77,0.7,0
0x0003a52c,__pthread_disable_asynccancel,12,35,0x004352a0,__pthread_disable_asynccancel,12,29,0.7142857142857143,10,14,17,0.53125,0
0x0003a490,__pthread_enable_asynccancel,15,80,0x004351e0,__pthread_enable_asynccancel,17,69,0.6842105263157895,13,19,34,0.4563758389261745,0
0x0005f35c,__pthread_get_minstack,6,13,0x00465954,__pthread_get_minstack,8,13,0.4,4,10,8,0.6153846153846154,0
0x00020cb8,__pthread_kill,6,7,0x00414004,__pthread_kill,6,7,1.0,6,6,7,1.0,0
0x00020b64,__pthread_kill_implementation,20,70,0x00413e10,__pthread_kill_implementation,13,34,0.5714285714285714,12,21,28,0.5384615384615384,0
0x00020cb4,__pthread_kill_internal,20,70,0x00413fe4,__pthread_kill_internal,2,2,0.1,2,20,2,0.05555555555555555,0
0x0003a7b4,__pthread_mutex_lock_full,27,576,0x004355c0,__pthread_mutex_lock_full,22,491,0.8148148148148148,22,27,270,0.5060918462980318,0
0x0003b2bc,__pthread_mutex_unlock_full,29,542,0x004361e0,__pthread_mutex_unlock_full,21,446,0.7241379310344828,21,29,280,0.5668016194331984,0
0x0003b840,__pthread_mutex_unlock_usercnt,17,167,0x00436868,__pthread_mutex_unlock_usercnt,16,136,0.8333333333333334,15,18,100,0.6600660066006601,0
0x0003ba64,__pthread_once_slow,18,153,0x00436b40,__pthread_once_slow,15,72,0.8333333333333334,15,18,58,0.5155555555555555,0
0x00020cd0,__pthread_self,3,3,0x00414040,__pthread_self,3,3,0.5,2,4,2,0.6666666666666666,0
0x00020ce0,__pthread_sigmask,16,24,0x00414050,__pthread_sigmask,14,51,0.6666666666666666,12,18,16,0.4266666666666667,0
0x0003bc5c,__pthread_tpp_change_priority,27,409,0x00436e04,__pthread_tpp_change_priority,22,373,0.75,21,28,259,0.6624040920716112,0
0x0003a758,__pthread_tunables_init,3,8,0x00435534,__pthread_tunables_init,3,8,1.0,3,3,8,1.0,0
0x000571ac,__qsort_r,24,240,0x0045ac1c,__qsort_r,24,232,0.92,23,25,184,0.7796610169491526,0
0x0002a574,__read_nocancel,11,14,0x00420020,__read_nocancel,8,11,0.5833333333333334,7,12,8,0.64,0
0x00028864,__readdir,15,49,0x0041da5c,__readdir,18,85,0.5714285714285714,12,21,24,0.3582089552238806,0
0x0006080c,__readdir64,20,118,0x00467520,__readdir64,18,98,0.8095238095238095,17,21,64,0.5925925925925926,0
0x000287b0,__readdir_unlocked,16,56,0x0041d970,__readdir_unlocked,18,58,0.7894736842105263,15,19,47,0.8245614035087719,0
0x0002a168,__readlink,11,15,0x0041fb50,__readlink,8,11,0.5833333333333334,7,12,8,0.6153846153846154,0
0x0003eda8,__readonly_area,24,172,0x0043b330,__readonly_area,24,192,0.7777777777777778,21,27,113,0.6208791208791209,0
0x00028eb4,__register_atfork,23,331,0x0041e270,__register_atfork,22,226,0.7307692307692307,19,26,177,0.6355475763016158,0
0x0005af60,__register_printf_function,18,119,0x0045fd14,__register_printf_function,3,3,0.16666666666666666,3,18,3,0.04918032786885246,0
0x0005a9d8,__register_printf_modifier,24,173,0x0045f620,__register_printf_modifier,23,142,0.88,22,25,115,0.7301587301587301,0
0x0005ae38,__register_printf_specifier,18,118,0x0045fba0,__register_printf_specifier,15,78,0.7368421052631579,14,19,70,0.7142857142857143,0
0x0005af64,__register_printf_type,17,111,0x0045fd30,__register_printf_type,15,74,0.6842105263157895,13,19,62,0.6702702702702703,0
0x00066b40,__rewinddir,16,58,0x0046fe40,__rewinddir,11,37,0.5,9,18,30,0.631578947368421,0
0x0006b534,__rtld_static_init,15,227,0x00475930,__rtld_static_init,12,232,0.8,12,15,214,0.9324618736383442,0
0x0001f94c,__run_exit_handlers,20,482,0x00412bf0,__run_exit_handlers,19,242,0.7727272727272727,17,22,197,0.5441988950276243,0
0x000294d4,__run_postfork_handlers,23,263,0x0041e9b0,__run_postfork_handlers,22,217,0.7307692307692307,19,26,160,0.6666666666666666,0
0x000292f4,__run_prefork_handlers,24,284,0x0041e714,__run_prefork_handlers,22,185,0.84,21,25,135,0.5756929637526652,0
0x0002ad8c,__sbrk,17,53,0x00420c60,__sbrk,15,52,0.6842105263157895,13,19,41,0.780952380952381,0
0x0003dee4,__sched_cpucount,12,29,0x00439de0,__sched_cpucount,13,31,0.9230769230769231,12,13,23,0.7666666666666667,0
0x0003df80,__sched_get_priority_max,7,8,0x00439ed0,__sched_get_priority_max,7,8,0.5555555555555556,5,9,3,0.375,0
0x0003dfa0,__sched_get_priority_min,7,8,0x00439f10,__sched_get_priority_min,7,8,0.5555555555555556,5,9,3,0.375,0
0x0003df40,__sched_getparam,7,8,0x00439e50,__sched_getparam,7,8,0.5555555555555556,5,9,3,0.375,0
0x0003df60,__sched_getscheduler,7,8,0x00439e90,__sched_getscheduler,7,8,0.5555555555555556,5,9,3,0.375,0
0x0003dfc0,__sched_setscheduler,7,8,0x00439f50,__sched_setscheduler,7,8,0.5555555555555556,5,9,3,0.375,0
0x0002b004,__select,10,27,0x00420fc8,__select,10,27,1.0,10,10,25,0.9259259259259259,0
0x0002ae20,__select64,28,162,0x00420d50,__select64,26,149,0.8620689655172413,25,29,87,0.5594855305466238,0
0x0002b100,__set_vma_name,8,16,0x00421160,__set_vma_name,10,28,0.6363636363636364,7,11,12,0.5454545454545454,0
0x0002eb20,__setenv,10,16,0x00425c5c,__setenv,13,18,0.7692307692307693,10,13,15,0.8823529411764706,0
0x00029840,__setsid,6,7,0x0041eea0,__setsid,7,9,0.4444444444444444,4,9,5,0.625,0
0x0002bb70,__setsockopt,11,14,0x004221b0,__setsockopt,13,18,0.8461538461538461,11,13,9,0.5625,0
0x0001f3c0,__sigaction,10,18,0x00412560,__sigaction,10,16,0.8181818181818182,9,11,15,0.8823529411764706,0
0x0002e714,__sigjmp_save,12,13,0x0045a460,__sigjmp_save,9,15,0.75,9,12,8,0.5714285714285714,0
0x0001f550,__sigprocmask,11,13,0x00412730,__sigprocmask,12,12,0.9166666666666666,11,12,10,0.8,0
0x0002e6a0,__sigsetjmp,14,131,0x004256e0,__sigsetjmp,5,46,0.35714285714285715,5,14,29,0.327683615819209,0
0x0002985c,__sleep,19,41,0x0041eee0,__sleep,16,41,0.75,15,20,23,0.5609756097560976,0
0x0005b098,__snprintf,6,6,0x0045fe90,__snprintf,5,5,0.8333333333333334,5,6,5,0.9090909090909091,0
0x0002bbc0,__socket,7,8,0x00422250,__socket,7,9,0.4,4,10,5,0.5882352941176471,0
0x000613c8,__stat64,6,9,0x00468484,__stat64,6,8,1.0,6,6,8,0.9411764705882353,0
0x000613b0,__stat64_time64,2,2,0x00468460,__stat64_time64,2,2,1.0,2,2,2,1.0,0
0x00060130,__stpcpy,20,152,0x00466a80,__stpcpy,21,152,0.9523809523809523,20,21,95,0.625,0
0x00060280,__strcasecmp_l,12,32,0x00466c30,__strcasecmp_l,13,31,0.9230769230769231,12,13,21,0.6666666666666666,0
0x000281fc,__strchrnul,20,52,0x00437b60,__strchrnul,17,56,0.7619047619047619,16,21,37,0.6851851851851852,0
0x0006040c,__strdup,6,9,0x00466f00,__strdup,6,9,0.7142857142857143,5,7,7,0.7777777777777778,0
0x0003c3e4,__strerror_r,5,13,0x00437830,__strerror_r,5,13,1.0,5,5,13,1.0,0
0x000668b4,__strndup,7,13,0x0046f9e0,__strndup,7,13,0.75,6,8,10,0.7692307692307693,0
0x0003cb00,__strnlen,7,8,0x00438260,__strnlen,7,9,0.75,6,8,6,0.7058823529411765,0
0x0006043c,__strsep,10,16,0x00466f90,__strsep,9,16,0.9,9,10,13,0.8125,0
0x00060480,__strtok_r,13,45,0x00467020,__strtok_r,11,28,0.8461538461538461,11,13,22,0.6027397260273972,0
0x0001fe10,__strtol,8,11,0x0041303c,__strtol,6,6,0.5555555555555556,5,9,5,0.5882352941176471,0
0x0001fdd0,__strtol_internal,8,12,0x00412ff0,__strtol_internal,6,6,0.5555555555555556,5,9,5,0.5555555555555556,0
0x0002049c,__strtol_l,3,3,0x004137c4,__strtol_l,3,3,1.0,3,3,3,1.0,0
0x0002ee7c,__strtoul,8,11,0x004260dc,__strtoul,6,6,0.5555555555555556,5,9,5,0.5882352941176471,0
0x0002ee3c,__strtoul_internal,8,12,0x00426090,__strtoul_internal,6,6,0.5555555555555556,5,9,5,0.5555555555555556,0
0x0002f478,__strtoul_l,3,3,0x004267e8,__strtoul_l,3,3,1.0,3,3,3,1.0,0
0x0002e560,__syscall_error,9,12,0x00439f00,__syscall_error,2,2,0.1,1,10,1,0.14285714285714285,0
0x00066be8,__sysconf,23,383,0x0046ff30,__sysconf,24,379,0.88,22,25,290,0.7611548556430446,0
0x0002b190,__sysinfo,7,9,0x00421250,__sysinfo,7,9,0.4,4,10,5,0.5555555555555556,0
0x00061410,__tcgetattr,14,39,0x00468510,__tcgetattr,8,11,0.4666666666666667,7,15,8,0.32,0
0x0003e7bc,__tdelete,25,661,0x0043aae4,__tdelete,20,601,0.8,20,25,448,0.7099841521394612,0
0x0003ed28,__tdestroy,5,7,0x0043b208,__tdestroy,5,7,0.6666666666666666,4,6,5,0.7142857142857143,0
0x0003e758,__tfind,13,25,0x0043aa2c,__tfind,14,33,0.9285714285714286,13,14,21,0.7241379310344828,0
0x000470c4,__thread_gscope_wait,19,241,0x00447610,__thread_gscope_wait,17,132,0.8,16,20,94,0.5040214477211796,0
0x000283ac,__time,14,19,0x0041d318,__time,15,19,0.9333333333333333,14,15,16,0.8421052631578947,0
0x0002837c,__time64,11,15,0x0041d2c0,__time64,11,15,1.0,11,11,14,0.9333333333333333,0
0x0001f264,__tls_get_addr,7,12,0x0041236c,__tls_get_addr,6,13,0.625,5,8,8,0.64,0
0x0002cb88,__tls_init_tp,16,151,0x00423654,__tls_init_tp,16,153,0.8823529411764706,15,17,115,0.756578947368421,0
0x0002cb3c,__tls_pre_init_tp,3,13,0x00423620,__tls_pre_init_tp,3,13,1.0,3,3,13,1.0,0
0x0005b0cc,__translated_number_width,17,48,0x0045fee0,__translated_number_width,17,45,0.7894736842105263,15,19,28,0.6021505376344086,0
0x0003e5ec,__tsearch,18,119,0x0043a814,__tsearch,20,127,0.9,18,20,87,0.7073170731707317,0
0x0002d558,__tunable_get_default,9,48,0x004242a0,__tunable_get_default,11,44,0.6666666666666666,8,12,33,0.717391304347826,0
0x0002d618,__tunable_get_val,17,64,0x00424314,__tunable_get_val,15,61,0.7777777777777778,14,18,38,0.608,0
0x0002cf54,__tunable_is_initialized,5,6,0x00423b74,__tunable_is_initialized,5,6,1.0,5,5,6,1.0,0
0x0002cf70,__tunable_set_val,4,4,0x00423ba4,__tunable_set_val,4,4,1.0,4,4,2,0.5,0
0x0002cf88,__tunables_init,21,464,0x00423bd4,__tunables_init,19,494,0.6666666666666666,16,24,296,0.6179540709812108,0
0x0002d450,__tunables_print,13,83,0x00424128,__tunables_print,14,84,0.8,12,15,56,0.6706586826347305,0
0x0003ed04,__twalk,6,8,0x0043b198,__twalk,5,8,0.5714285714285714,4,7,4,0.5,0
0x0003ed18,__twalk_r,5,7,0x0043b1d0,__twalk_r,4,7,0.5,3,6,3,0.42857142857142855,0
0x00038030,__uflow,19,132,0x00432284,__uflow,19,133,1.0,19,19,117,0.8830188679245283,0
0x00037ee0,__underflow,19,124,0x00432088,__underflow,19,125,1.0,19,19,108,0.8674698795180723,0
0x0002a1ac,__unlink,11,15,0x0041fbc0,__unlink,8,11,0.5833333333333334,7,12,8,0.6153846153846154,0
0x0006df3c,__unorddf2,9,22,0x004790f0,__unorddf2,11,22,0.42857142857142855,6,14,8,0.36363636363636365,0
0x00029134,__unregister_atfork,23,214,0x0041e4f8,__unregister_atfork,23,192,0.84,21,25,144,0.7093596059113301,0
0x0002eb84,__unsetenv,17,121,0x00425d10,__unsetenv,16,93,0.8333333333333334,15,18,78,0.7289719626168224,0
0x0005eae4,__vasprintf,3,3,0x00464ef8,__vasprintf,2,2,0.6666666666666666,2,3,2,0.8,0
0x0005ea08,__vasprintf_internal,16,93,0x00464d7c,__vasprintf_internal,16,92,1.0,16,16,89,0.9621621621621622,0
0x000337f8,__vfprintf_internal,20,245,0x0042c3e0,__vfprintf_internal,19,182,0.8571428571428571,18,21,136,0.6370023419203747,0
0x0005ebac,__vsnprintf_internal,10,35,0x00465014,__vsnprintf_internal,11,35,0.9090909090909091,10,11,26,0.7428571428571429,0
0x0003d3b4,__wcrtomb,3,3,0x00438e4c,__wcrtomb,4,4,0.75,3,4,3,0.8571428571428571,0
0x0003d1d8,__wcrtomb_internal,20,206,0x00438c20,__wcrtomb_internal,20,188,0.9047619047619048,19,21,147,0.7461928934010152,0
0x000604f4,__wcslen,10,32,0x00467120,__wcslen,11,41,0.9090909090909091,10,11,28,0.7671232876712328,0
0x0003d6a0,__wcsmbs_clone_conv,21,137,0x00439264,__wcsmbs_clone_conv,19,102,0.8181818181818182,18,22,79,0.6610878661087866,0
0x0003d3bc,__wcsmbs_getfct,10,16,0x00438e70,__wcsmbs_getfct,9,17,0.7272727272727273,8,11,13,0.7878787878787878,0
0x0003d414,__wcsmbs_load_conv,22,280,0x00438f0c,__wcsmbs_load_conv,21,300,0.8695652173913043,20,23,221,0.7620689655172413,0
0x0003d7dc,__wcsmbs_named_conv,12,50,0x00439408,__wcsmbs_named_conv,12,53,1.0,12,12,39,0.7572815533980582,0
0x00060558,__wcsnlen,8,9,0x004671a0,__wcsnlen,8,10,0.7777777777777778,7,9,7,0.7368421052631579,0
0x0003d910,__wcsrtombs,21,286,0x00439620,__wcsrtombs,20,286,0.782608695652174,18,23,166,0.5804195804195804,0
0x00060584,__wmemchr,10,59,0x00467210,__wmemchr,12,69,0.8333333333333334,10,12,47,0.734375,0
0x00060640,__wmemcpy,4,4,0x004672f0,__wmemcpy,4,4,1.0,4,4,4,1.0,0
0x00060648,__wmemmove,4,4,0x00467310,__wmemmove,4,4,1.0,4,4,4,1.0,0
0x00060650,__wmempcpy,5,6,0x00467330,__wmempcpy,5,6,1.0,5,5,6,1.0,0
0x0005c224,__woverflow,13,19,0x00461694,__woverflow,13,26,0.8571428571428571,12,14,15,0.6666666666666666,0
0x00066064,__wprintf_buffer_done,23,56,0x0046eeb0,__wprintf_buffer_done,20,50,0.72,18,25,35,0.660377358490566,0
0x000660e8,__wprintf_buffer_flush,14,47,0x0046ef50,__wprintf_buffer_flush,22,180,0.6363636363636364,14,22,41,0.36123348017621143,0
0x0005b1c4,__wprintf_buffer_flush_to_file,18,59,0x00460050,__wprintf_buffer_flush_to_file,17,59,0.9444444444444444,17,18,50,0.847457627118644,0
0x0005b154,__wprintf_buffer_putc_1,11,25,0x0045ffa0,__wprintf_buffer_putc_1,13,26,0.6,9,15,21,0.8235294117647058,0
0x0005b290,__wprintf_buffer_to_file_done,7,11,0x00460168,__wprintf_buffer_to_file_done,7,11,1.0,7,7,11,1.0,0
0x0005b254,__wprintf_buffer_to_file_init,5,28,0x00460134,__wprintf_buffer_to_file_init,5,28,1.0,5,5,22,0.7857142857142857,0
0x00059c38,__wprintf_fp_l_buffer,16,90,0x0045e49c,__wprintf_fp_l_buffer,14,96,0.875,14,16,78,0.8387096774193549,0
0x0005a85c,__wprintf_fphex_l_buffer,10,42,0x0045f3c8,__wprintf_fphex_l_buffer,10,41,1.0,10,10,38,0.9156626506024096,0
0x0003e130,__write_nocancel,11,14,0x0043a170,__write_nocancel,8,11,0.5833333333333334,7,12,8,0.64,0
0x0005c59c,__wuflow,20,99,0x00461c84,__wuflow,18,116,0.9,18,20,76,0.7069767441860465,0
0x0005c6e0,__wunderflow,18,97,0x00461ea4,__wunderflow,18,106,1.0,18,18,91,0.896551724137931,0
0x00044bd4,_dl_add_to_namespace_list,16,66,0x004433f0,_dl_add_to_namespace_list,17,64,0.9411764705882353,16,17,54,0.8307692307692308,0
0x0002c8b8,_dl_add_to_slotinfo,18,103,0x004232dc,_dl_add_to_slotinfo,19,108,0.85,17,20,77,0.7298578199052133,0
0x0006d6c8,_dl_addr,23,357,0x004785f0,_dl_addr,21,327,0.9130434782608695,21,23,235,0.6871345029239766,0
0x0006a424,_dl_addr_inside_object,14,55,0x004744a0,_dl_addr_inside_object,14,35,1.0,14,14,31,0.6888888888888889,0
0x00045974,_dl_allocate_static_tls,16,68,0x004443ac,_dl_allocate_static_tls,17,71,0.9411764705882353,16,17,63,0.9064748201438849,0
0x0002c6a8,_dl_allocate_tls,11,33,0x00422fd4,_dl_allocate_tls,11,35,1.0,11,11,32,0.9411764705882353,0
0x0002c690,_dl_allocate_tls_init,5,5,0x00422740,_dl_allocate_tls_init,22,359,0.22727272727272727,5,22,5,0.027472527472527472,0
0x0002c580,_dl_allocate_tls_storage,14,88,0x00422e18,_dl_allocate_tls_storage,15,94,0.8125,13,16,60,0.6593406593406593,0
0x0002c364,_dl_assign_tls_modid,18,113,0x00422c00,_dl_assign_tls_modid,18,117,1.0,18,18,103,0.8956521739130435,0
0x0002e32c,_dl_audit_pltexit,1,1,0x00425210,_dl_audit_pltexit,1,1,1.0,1,1,1,1.0,0
0x0002d7a8,_dl_aux_init,14,149,0x00424534,_dl_aux_init,17,112,0.8235294117647058,14,17,95,0.7279693486590039,0
0x00047324,_dl_cache_libcmp,16,99,0x00447dc0,_dl_cache_libcmp,16,79,0.7777777777777778,14,18,50,0.5617977528089888,0
0x0006c370,_dl_call_fini,18,78,0x00476d70,_dl_call_fini,17,78,0.9444444444444444,17,18,71,0.9102564102564102,0
0x0006c2c0,_dl_call_libc_early_init,11,27,0x00476ca0,_dl_call_libc_early_init,14,29,0.7857142857142857,11,14,24,0.8571428571428571,0
0x0003f20c,_dl_catch_error,6,10,0x0043b920,_dl_catch_error,6,10,1.0,6,6,9,0.9,0
0x0003f144,_dl_catch_exception,16,55,0x0043b81c,_dl_catch_exception,15,60,0.8235294117647058,14,17,42,0.7304347826086957,0
0x0006a3bc,_dl_check_all_versions,10,21,0x004743e8,_dl_check_all_versions,11,24,0.9090909090909091,10,11,19,0.8444444444444444,0
0x00069a0c,_dl_check_map_versions,21,888,0x004738d0,_dl_check_map_versions,21,837,0.9090909090909091,20,22,671,0.7779710144927536,0
0x000681c0,_dl_close,9,31,0x004718bc,_dl_close,9,35,0.8,8,10,29,0.8787878787878788,0
0x00067348,_dl_close_worker,29,3217,0x00470788,_dl_close_worker,29,2641,0.8709677419354839,27,31,1772,0.6049846363946739,0
0x0002c4ac,_dl_count_modids,11,45,0x00422d48,_dl_count_modids,9,42,0.8181818181818182,9,11,33,0.7586206896551724,0
0x0002c718,_dl_deallocate_tls,12,34,0x00423090,_dl_deallocate_tls,13,39,0.6666666666666666,10,15,28,0.7671232876712328,0
0x0002bea4,_dl_debug_initialize,13,46,0x00422688,_dl_debug_initialize,13,43,0.7333333333333333,11,15,28,0.6292134831460674,0
0x000455a8,_dl_debug_printf,6,12,0x00444040,_dl_debug_printf,5,11,0.8333333333333334,5,6,11,0.9565217391304348,0
0x000455e8,_dl_debug_printf_c,6,12,0x004440a0,_dl_debug_printf_c,5,11,0.8333333333333334,5,6,11,0.9565217391304348,0
0x0002be18,_dl_debug_state,1,1,0x004225f0,_dl_debug_state,1,1,1.0,1,1,1,1.0,0
0x0002be1c,_dl_debug_update,13,25,0x004225f8,_dl_debug_update,13,35,0.625,10,16,16,0.5333333333333333,0
0x000450a8,_dl_debug_vdprintf,28,407,0x00443a70,_dl_debug_vdprintf,23,439,0.8214285714285714,23,28,263,0.6217494089834515,0
0x00045628,_dl_dprintf,6,8,0x00444100,_dl_dprintf,5,7,0.8333333333333334,5,6,7,0.9333333333333333,0
0x00040364,_dl_dst_count,8,31,0x0043d89c,_dl_dst_count,8,27,1.0,8,8,24,0.8275862068965517,0
0x00040410,_dl_dst_substitute,19,117,0x0043d9ac,_dl_dst_substitute,17,127,0.8,16,20,91,0.7459016393442623,0
0x0002d718,_dl_early_allocate,9,23,0x004243d0,_dl_early_allocate,12,50,0.75,9,12,20,0.547945205479452,0
0x0003f270,_dl_error_free,6,7,0x0043b9c8,_dl_error_free,6,7,0.7142857142857143,5,7,4,0.5714285714285714,0
0x0004568c,_dl_error_printf,6,10,0x004441a8,_dl_error_printf,5,9,0.8333333333333334,5,6,9,0.9473684210526315,0
0x0003f288,_dl_exception_create,11,35,0x0043ba00,_dl_exception_create,12,35,0.9166666666666666,11,12,27,0.7714285714285715,0
0x0003f31c,_dl_exception_create_format,21,242,0x0043bb0c,_dl_exception_create_format,19,260,0.9047619047619048,19,21,168,0.6693227091633466,0
0x0003f63c,_dl_exception_free,5,10,0x0043bef8,_dl_exception_free,5,10,1.0,5,5,10,1.0,0
0x000456c0,_dl_fatal_printf,6,14,0x00444200,_dl_fatal_printf,5,13,0.8333333333333334,5,6,13,0.9629629629629629,0
0x00068664,_dl_find_dso_for_object,13,56,0x00471f54,_dl_find_dso_for_object,12,58,0.9230769230769231,12,13,51,0.8947368421052632,0
0x0006b3d8,_dl_find_object_dlclose,21,89,0x00475734,_dl_find_object_dlclose,19,75,0.8181818181818182,18,22,51,0.6219512195121951,0
0x0006b4b4,_dl_find_object_freeres,9,35,0x00475890,_dl_find_object_freeres,9,33,1.0,9,9,32,0.9411764705882353,0
0x0006a4b8,_dl_find_object_from_map,13,43,0x00474510,_dl_find_object_from_map,13,39,0.7333333333333333,11,15,32,0.7804878048780488,0
0x0006ac80,_dl_find_object_init,19,243,0x00474d98,_dl_find_object_init,20,236,0.95,19,20,201,0.8392484342379958,0
0x0006ae34,_dl_find_object_update,28,692,0x00474ffc,_dl_find_object_update,26,612,0.8620689655172413,25,29,365,0.5598159509202454,0
0x000616fc,_dl_fixup,22,236,0x00468974,_dl_fixup,21,167,0.9545454545454546,21,22,122,0.6054590570719603,0
0x0002e31c,_dl_get_dl_main_map,2,2,0x004251f8,_dl_get_dl_main_map,2,2,1.0,2,2,2,1.0,0
0x00044f18,_dl_get_origin,14,39,0x00443850,_dl_get_origin,15,42,0.9333333333333333,14,15,29,0.7160493827160493,0
0x0002c548,_dl_get_tls_static_info,4,9,0x00422de4,_dl_get_tls_static_info,4,9,1.0,4,4,7,0.7777777777777778,0
0x000449c4,_dl_higher_prime_number,13,27,0x00443154,_dl_higher_prime_number,13,26,1.0,13,13,21,0.7924528301886793,0
0x0006d328,_dl_init,20,114,0x0047806c,_dl_init,19,103,0.95,19,20,85,0.783410138248848,0
0x00040b5c,_dl_init_paths,21,489,0x0043e37c,_dl_init_paths,21,460,0.9090909090909091,20,22,392,0.8261327713382508,0
0x0002c9fc,_dl_init_static_tls,17,142,0x00423474,_dl_init_static_tls,17,105,0.7894736842105263,15,19,80,0.6477732793522267,0
0x000475a0,_dl_load_cache_lookup,21,275,0x00448118,_dl_load_cache_lookup,21,294,1.0,21,21,220,0.773286467486819,0
0x0006d554,_dl_lookup_direct,17,88,0x004783bc,_dl_lookup_direct,20,128,0.6818181818181818,15,22,72,0.6666666666666666,0
0x00043ca4,_dl_lookup_symbol_x,28,1059,0x004421b0,_dl_lookup_symbol_x,26,1333,0.8620689655172413,25,29,713,0.5961538461538461,0
0x000614d4,_dl_make_stacks_executable,22,261,0x00468670,_dl_make_stacks_executable,21,199,0.8695652173913043,20,23,154,0.6695652173913044,0
0x000422b8,_dl_map_object,24,2085,0x0043feb4,_dl_map_object,26,3161,0.8518518518518519,23,27,1757,0.6698436904308044,0
0x0006c470,_dl_map_object_deps,28,3773,0x00476ef4,_dl_map_object_deps,26,2413,0.8,24,30,1937,0.6262528289686389,0
0x00040fa4,_dl_map_object_from_fd,32,4944,0x0043e848,_dl_map_object_from_fd,32,2722,0.8823529411764706,30,34,1919,0.5006522306287503,0
0x00044964,_dl_name_match_p,9,22,0x00443098,_dl_name_match_p,10,22,0.9,9,10,21,0.9545454545454546,0
0x00044c94,_dl_new_object,20,244,0x004434dc,_dl_new_object,22,246,0.9090909090909091,20,22,181,0.7387755102040816,0
0x0002d940,_dl_non_dynamic_init,29,3231,0x004246e8,_dl_non_dynamic_init,28,2801,0.9,27,30,2263,0.7503315649867374,0
0x00068738,_dl_open,16,155,0x00472074,_dl_open,15,155,0.9375,15,16,152,0.9806451612903225,0
0x00045658,_dl_printf,6,10,0x00444150,_dl_printf,5,9,0.8333333333333334,5,6,9,0.9473684210526315,0
0x00040e88,_dl_process_pt_gnu_property,18,117,0x0043e6d0,_dl_process_pt_gnu_property,17,117,0.9444444444444444,17,18,93,0.7948717948717948,0
0x00045a4c,_dl_protect_relro,15,38,0x004444a0,_dl_protect_relro,17,37,0.7777777777777778,14,18,29,0.7733333333333333,0
0x00045ad8,_dl_reloc_bad_type,9,24,0x00444544,_dl_reloc_bad_type,9,23,1.0,9,9,19,0.8085106382978723,0
0x00045b40,_dl_relocate_object,33,4619,0x004445d8,_dl_relocate_object,29,9137,0.8235294117647058,28,34,3547,0.5157022390229717,0
0x00042e9c,_dl_rtld_di_serinfo,19,245,0x00440df4,_dl_rtld_di_serinfo,18,402,0.85,17,20,185,0.5718701700154559,0
0x00047300,_dl_runtime_resolve,8,10,0x004478d0,_dl_runtime_resolve,4,4,0.5,4,8,4,0.5714285714285714,0
0x00046f1c,_dl_scope_free,16,85,0x00447390,_dl_scope_free,18,71,0.8888888888888888,16,18,55,0.7051282051282052,0
0x00046ff4,_dl_setup_hash,15,88,0x004474f0,_dl_setup_hash,15,84,0.875,14,16,69,0.8023255813953488,0
0x00068910,_dl_show_scope,17,108,0x004722e8,_dl_show_scope,16,103,0.9411764705882353,16,17,88,0.8341232227488151,0
0x0003f0d4,_dl_signal_error,16,35,0x0043b780,_dl_signal_error,15,30,0.7222222222222222,13,18,23,0.7076923076923077,0
0x0003f08c,_dl_signal_exception,12,39,0x0043b708,_dl_signal_exception,11,33,0.6428571428571429,9,14,23,0.6388888888888888,0
0x0006952c,_dl_sort_maps,25,616,0x0047333c,_dl_sort_maps,26,553,0.8888888888888888,24,27,380,0.6501283147989735,0
0x000694e4,_dl_sort_maps_init,9,12,0x004732ec,_dl_sort_maps_init,7,9,0.6,6,10,8,0.7619047619047619,0
0x000103a8,_dl_start,2,2,0x00400470,_dl_start,2,2,1.0,2,2,2,1.0,0
0x00044a10,_dl_strtoul,27,161,0x004431c0,_dl_strtoul,25,165,0.7931034482758621,23,29,92,0.5644171779141104,0
0x0006ddf0,_dl_sym,2,2,0x00478e80,_dl_sym,2,2,1.0,2,2,2,1.0,0
0x000448dc,_dl_sysdep_read_whole_file,11,21,0x00442fb0,_dl_sysdep_read_whole_file,11,21,0.8333333333333334,10,12,19,0.9047619047619048,0
0x0002c794,_dl_tls_get_addr_soft,17,63,0x00423178,_dl_tls_get_addr_soft,16,64,0.8333333333333334,15,18,41,0.6456692913385826,0
0x0002c844,_dl_tls_initial_modid_limit_setup,13,36,0x00423250,_dl_tls_initial_modid_limit_setup,14,39,0.9285714285714286,13,14,30,0.8,0
0x0002c2b8,_dl_tls_static_surplus_init,12,35,0x00422b30,_dl_tls_static_surplus_init,12,35,1.0,12,12,31,0.8857142857142857,0
0x00045868,_dl_try_allocate_static_tls,18,96,0x00444294,_dl_try_allocate_static_tls,20,92,0.9,18,20,63,0.6702127659574468,0
0x00020df8,_dl_tunable_set_arena_max,5,7,0x0041420c,_dl_tunable_set_arena_max,4,6,0.8,4,5,6,0.9230769230769231,0
0x00020e10,_dl_tunable_set_arena_test,5,7,0x00414228,_dl_tunable_set_arena_test,4,6,0.8,4,5,6,0.9230769230769231,0
0x00021174,_dl_tunable_set_hugetlb,12,33,0x00414660,_dl_tunable_set_hugetlb,11,29,0.7692307692307693,10,13,25,0.8064516129032258,0
0x00020d60,_dl_tunable_set_mmap_threshold,5,9,0x00414150,_dl_tunable_set_mmap_threshold,4,8,0.8,4,5,8,0.9411764705882353,0
0x00020d80,_dl_tunable_set_mmaps_max,5,9,0x00414178,_dl_tunable_set_mmaps_max,4,8,0.8,4,5,8,0.9411764705882353,0
0x0003a704,_dl_tunable_set_mutex_spin_count,5,7,0x004354e0,_dl_tunable_set_mutex_spin_count,4,6,0.8,4,5,6,0.9230769230769231,0
0x00020eac,_dl_tunable_set_mxfast,10,21,0x004142fc,_dl_tunable_set_mxfast,11,18,0.9090909090909091,10,11,13,0.6666666666666666,0
0x00020dc0,_dl_tunable_set_perturb_byte,5,7,0x004141c8,_dl_tunable_set_perturb_byte,4,6,0.8,4,5,6,0.9230769230769231,0
0x0003a71c,_dl_tunable_set_stack_cache_size,5,7,0x004354fc,_dl_tunable_set_stack_cache_size,4,6,0.8,4,5,6,0.9230769230769231,0
0x0003a734,_dl_tunable_set_stack_hugetlb,5,7,0x00435518,_dl_tunable_set_stack_hugetlb,4,6,0.8,4,5,6,0.9230769230769231,0
0x00020e74,_dl_tunable_set_tcache_count,7,11,0x004142ac,_dl_tunable_set_tcache_count,6,10,0.8571428571428571,6,7,10,0.9523809523809523,0
0x00020e28,_dl_tunable_set_tcache_max,13,24,0x00414244,_dl_tunable_set_tcache_max,10,24,0.7692307692307693,10,13,18,0.75,0
0x00020e94,_dl_tunable_set_tcache_unsorted_limit,5,7,0x004142e0,_dl_tunable_set_tcache_unsorted_limit,4,6,0.8,4,5,6,0.9230769230769231,0
0x00020da0,_dl_tunable_set_top_pad,5,9,0x004141a0,_dl_tunable_set_top_pad,4,8,0.8,4,5,8,0.9411764705882353,0
0x00020dd8,_dl_tunable_set_trim_threshold,5,9,0x004141e4,_dl_tunable_set_trim_threshold,4,8,0.8,4,5,8,0.9411764705882353,0
0x000478ec,_dl_unload_cache,10,17,0x00448510,_dl_unload_cache,10,17,1.0,10,10,17,1.0,0
0x0006dd38,_dl_vsym,17,70,0x00478d9c,_dl_vsym,17,71,1.0,17,17,61,0.8652482269503546,0
0x0006b9fc,_dlerror_run,19,154,0x00475fcc,_dlerror_run,18,148,0.85,17,20,127,0.8410596026490066,0
0x0006a530,_dlfo_process_initial,19,262,0x00474598,_dlfo_process_initial,20,282,0.95,19,20,207,0.7610294117647058,0
0x0006a784,_dlfo_sort_mappings,13,90,0x00474d64,_dlfo_sort_mappings,4,5,0.21428571428571427,3,14,3,0.06315789473684211,0
0x00028900,_exit,11,14,0x0041dbe0,_exit,2,4,0.08333333333333333,1,12,2,0.2222222222222222,0
0x00070794,_fini,1,1,0x00483160,_fini,1,1,1.0,1,1,1,1.0,0
0x0002fb6c,_fitoa,16,26,0x00427024,_fitoa,15,27,0.8235294117647058,14,17,22,0.8301886792452831,0
0x0002fb14,_fitoa_word,13,23,0x00426fb0,_fitoa_word,14,26,0.8,12,15,19,0.7755102040816326,0
0x00010134,_init,2,2,0x004002e0,_init,3,3,0.25,1,4,1,0.4,0
0x000232b8,_int_free,28,737,0x00416dc8,_int_free,26,564,0.8620689655172413,25,29,427,0.6564181398923905,0
0x000219b4,_int_free_create_chunk,16,63,0x004150a4,_int_free_create_chunk,15,63,0.9375,15,16,55,0.873015873015873,0
0x00022c98,_int_free_maybe_consolidate,25,602,0x00416634,_int_free_maybe_consolidate,25,658,0.9230769230769231,24,26,523,0.8301587301587302,0
0x00023174,_int_free_merge_chunk,17,106,0x00416bac,_int_free_merge_chunk,17,106,1.0,17,17,101,0.9528301886792453,0
0x00023ff4,_int_malloc,33,2780,0x00417cc8,_int_malloc,31,2512,0.8823529411764706,30,34,1674,0.6326530612244898,0
0x00025398,_int_memalign,21,159,0x0041935c,_int_memalign,24,160,0.875,21,24,130,0.8150470219435737,0
0x00025130,_int_realloc,25,195,0x00419048,_int_realloc,23,177,0.8461538461538461,22,26,155,0.8333333333333334,0
0x0002f5ac,_itoa,27,516,0x00426974,_itoa,28,540,0.896551724137931,26,29,383,0.7253787878787878,0
0x0002f4bc,_itoa_word,16,65,0x00426870,_itoa_word,15,62,0.8235294117647058,14,17,44,0.6929133858267716,0
0x00025b94,_mid_memalign,25,439,0x00419da0,_mid_memalign,24,385,0.8148148148148148,22,27,235,0.5703883495145631,0
0x00063bc0,_nl_archive_subfreeres,12,134,0x0046b9a4,_nl_archive_subfreeres,13,134,0.9230769230769231,12,13,104,0.7761194029850746,0
0x0003d8c0,_nl_cleanup_ctype,10,28,0x00439574,_nl_cleanup_ctype,9,27,0.7272727272727273,8,11,22,0.8,0
0x00066a38,_nl_cleanup_time,9,21,0x0046fc80,_nl_cleanup_time,9,21,0.8,8,10,18,0.8571428571428571,0
0x00055728,_nl_expand_alias,21,192,0x0045893c,_nl_expand_alias,19,151,0.8181818181818182,18,22,116,0.6763848396501457,0
0x00055f74,_nl_explode_name,17,151,0x004593c0,_nl_explode_name,15,140,0.8823529411764706,15,17,78,0.5360824742268041,0
0x000536ac,_nl_find_domain,16,196,0x00455f60,_nl_find_domain,16,228,1.0,16,16,174,0.8207547169811321,0
0x000629fc,_nl_find_locale,23,1021,0x0046a250,_nl_find_locale,25,1257,0.92,23,25,807,0.7085162423178226,0
0x000523c0,_nl_find_msg,28,2383,0x00454788,_nl_find_msg,26,2007,0.8,24,30,1447,0.6592255125284738,0
0x00053910,_nl_finddomain_subfreeres,10,28,0x0045632c,_nl_finddomain_subfreeres,10,27,1.0,10,10,24,0.8727272727272727,0
0x00063cc4,_nl_intern_locale_data,23,604,0x0046bb60,_nl_intern_locale_data,25,622,0.8461538461538461,22,26,355,0.5791190864600326,0
0x00053960,_nl_load_domain,32,2089,0x004563e0,_nl_load_domain,30,4784,0.6756756756756757,25,37,1244,0.3619962170813327,0
0x00064354,_nl_load_locale,20,186,0x0046c434,_nl_load_locale,21,182,0.9523809523809523,20,21,122,0.6630434782608695,0
0x00063268,_nl_load_locale_from_archive,29,2975,0x0046acc0,_nl_load_locale_from_archive,29,2071,0.8709677419354839,27,31,1432,0.5675782798256045,0
0x00051d44,_nl_locale_subfreeres,11,32,0x00453fe8,_nl_locale_subfreeres,12,30,0.9166666666666666,11,12,26,0.8387096774193549,0
0x00055968,_nl_make_l10nflist,26,302,0x00458c30,_nl_make_l10nflist,24,308,0.9230769230769231,24,26,224,0.7344262295081967,0
0x00055e48,_nl_normalize_codeset,20,108,0x0045923c,_nl_normalize_codeset,19,133,0.8571428571428571,18,21,67,0.5560165975103735,0
0x000520f0,_nl_postload_ctype,12,62,0x00454350,_nl_postload_ctype,12,58,0.8461538461538461,11,13,45,0.75,0
0x000631fc,_nl_remove_locale,12,33,0x0046ac1c,_nl_remove_locale,11,33,0.9166666666666666,11,12,29,0.8787878787878788,0
0x000551e4,_nl_unload_domain,13,67,0x00458134,_nl_unload_domain,15,64,0.8666666666666667,13,15,53,0.8091603053435115,0
0x000645dc,_nl_unload_locale,10,36,0x0046c7a8,_nl_unload_locale,9,35,0.9,9,10,33,0.9295774647887324,0
0x0001f2b0,_setjmp,4,4,0x004123c0,_setjmp,3,3,0.75,3,4,3,0.8571428571428571,0
0x00010140,abort,17,301,0x00400494,abort,14,224,0.8235294117647058,14,17,173,0.659047619047619,0
0x00049310,add_alias2,12,32,0x0044a6e8,add_alias2,12,31,1.0,12,12,26,0.8253968253968254,0
0x00016b48,add_attack,11,28,0x00408220,add_attack,11,28,1.0,11,11,28,1.0,1
0x0001dca4,add_entry,8,15,0x00410a24,add_entry,9,18,0.8888888888888888,8,9,12,0.7272727272727273,1
0x00048f94,add_module,23,394,0x0044a27c,add_module,23,329,0.9166666666666666,22,24,225,0.6224066390041494,0
0x00040288,add_name_to_object,13,62,0x0043c474,add_name_to_object,14,62,0.9285714285714286,13,14,52,0.8387096774193549,0
0x0003fce8,add_path,18,96,0x0043c340,add_path,16,95,0.8888888888888888,16,18,64,0.6701570680628273,0
0x00068500,add_to_global_resize,25,122,0x00471d3c,add_to_global_resize,23,106,0.7777777777777778,21,27,82,0.7192982456140351,0
0x000684dc,add_to_global_resize_failure,6,6,0x00471d08,add_to_global_resize_failure,6,6,1.0,6,6,6,1.0,0
0x00068238,add_to_global_update,21,132,0x00471990,add_to_global_update,21,126,0.9090909090909091,20,22,110,0.8527131782945736,0
0x0005cc2c,adjust_wide_data,18,75,0x004626c0,adjust_wide_data,20,80,0.8095238095238095,17,21,62,0.8,0
0x000552ac,alias_compare,5,8,0x004582c0,alias_compare,5,8,1.0,5,5,8,1.0,0
0x00026910,aligned_alloc,16,27,0x0041ae98,aligned_alloc,16,28,0.8823529411764706,15,17,22,0.8,0
0x00021cac,alloc_new_heap,21,213,0x00415488,alloc_new_heap,21,212,1.0,21,21,136,0.64,0
0x00021048,alloc_perturb,7,9,0x004144e8,alloc_perturb,7,9,1.0,7,7,9,1.0,0
0x0001c478,anti_gdb_entry,3,3,0x0040eca0,anti_gdb_entry,3,3,1.0,3,3,3,1.0,1
0x00021f48,arena_get2,27,1943,0x004157e0,arena_get2,22,1200,0.6896551724137931,20,29,978,0.6223353483932549,0
0x00022768,arena_get_retry,15,80,0x00415f8c,arena_get_retry,13,45,0.6470588235294118,11,17,36,0.576,0
0x0001f688,atoi,2,2,0x004128c0,atoi,2,2,1.0,2,2,2,1.0,0
0x00013b90,attack_app_cfnull,27,3897,0x004048cc,attack_app_cfnull,31,2532,0.8709677419354839,27,31,2203,0.6853320889718463,1
0x00010564,attack_app_http,28,18454,0x00400ad0,attack_app_http,32,5848,0.8181818181818182,27,33,5218,0.42942967656982967,1
0x00010530,attack_app_proxy,1,1,0x00400a90,attack_app_proxy,1,1,1.0,1,1,1,1.0,1
0x00016a74,attack_get_opt_int,6,7,0x004080fc,attack_get_opt_int,9,12,0.5,5,10,6,0.631578947368421,1
0x00016ae0,attack_get_opt_ip,6,7,0x00408190,attack_get_opt_ip,5,6,0.8333333333333334,5,6,6,0.9230769230769231,1
0x000169dc,attack_get_opt_str,13,20,0x00408038,attack_get_opt_str,12,23,0.7857142857142857,11,14,15,0.6976744186046512,1
0x00015a0c,attack_gre_eth,25,1790,0x00406b94,attack_gre_eth,25,950,1.0,25,25,745,0.5437956204379562,1
0x000151b0,attack_gre_ip,25,1298,0x00406130,attack_gre_ip,25,698,1.0,25,25,509,0.5100200400801603,1
0x00016348,attack_init,4,22,0x00407730,attack_init,4,30,0.6,3,5,12,0.46153846153846156,1
0x000163fc,attack_kill_all,13,19,0x00407824,attack_kill_all,13,19,1.0,13,13,16,0.8421052631578947,1
0x0001647c,attack_parse,20,132,0x004078f4,attack_parse,23,174,0.8695652173913043,20,23,116,0.7581699346405228,1
0x00016898,attack_start,17,68,0x00407e84,attack_start,17,65,0.8888888888888888,16,18,56,0.8421052631578947,1
0x000175dc,attack_tcp_ack,24,1552,0x00408f40,attack_tcp_ack,25,764,0.96,24,25,535,0.4620034542314335,1
0x00017e84,attack_tcp_stomp,26,2148,0x004099f8,attack_tcp_stomp,27,1254,0.9629629629629629,26,27,991,0.5825984714873603,1
0x00016c98,attack_tcp_syn,24,1463,0x004083e0,attack_tcp_syn,25,780,0.96,24,25,568,0.5064645563976817,1
0x00019540,attack_udp_dns,22,1288,0x0040b684,attack_udp_dns,22,595,1.0,22,22,439,0.4662772172065852,1
0x00018938,attack_udp_generic,22,823,0x0040a790,attack_udp_generic,23,517,0.9565217391304348,22,23,379,0.5656716417910448,1
0x00019cb8,attack_udp_plain,24,220,0x0040bfa8,attack_udp_plain,23,304,0.9583333333333334,23,24,195,0.7442748091603053,1
0x00018f64,attack_udp_vse,23,752,0x0040af44,attack_udp_vse,23,520,1.0,23,23,390,0.6132075471698113,1
0x000683c0,call_dl_init,5,15,0x00471b70,call_dl_init,5,15,1.0,5,5,10,0.6666666666666666,0
0x0006da5c,call_dl_lookup,7,23,0x00478a50,call_dl_lookup,7,23,1.0,7,7,21,0.9130434782608695,0
0x0001ebfc,call_fini,12,16,0x00411c00,call_fini,12,13,1.0,12,12,10,0.6896551724137931,0
0x0006d1ac,call_init,19,131,0x00477e80,call_init,20,126,0.95,19,20,100,0.7782101167315175,0
0x0006d468,check_match,17,81,0x00478250,check_match,15,88,0.8823529411764706,15,17,55,0.650887573964497,0
0x0002e414,check_one_fd,17,49,0x00425320,check_one_fd,15,48,0.8823529411764706,15,17,39,0.8041237113402062,0
0x0001a314,checksum_generic,17,33,0x0040c7a0,checksum_generic,18,34,0.9444444444444444,17,18,31,0.9253731343283582,1
0x0001a3b4,checksum_tcpudp,19,57,0x0040c868,checksum_tcpudp,20,57,0.8571428571428571,18,21,48,0.8421052631578947,1
0x0003ba24,clear_once_control,11,15,0x00436a80,clear_once_control,4,4,0.36363636363636365,4,11,4,0.42105263157894735,0
0x00028320,clock,10,12,0x0041d230,clock,10,12,0.8181818181818182,9,11,10,0.8333333333333334,0
0x00034fa8,decide_maybe_mmap,26,169,0x0042e3c4,decide_maybe_mmap,26,165,0.7333333333333333,22,30,118,0.7065868263473054,0
0x00040924,decompose_rpath,18,164,0x0043e0f8,decompose_rpath,16,150,0.8888888888888888,16,18,117,0.7452229299363057,0
0x00010458,deregister_tm_clones,1,1,0x00400980,deregister_tm_clones,1,1,1.0,1,1,1,1.0,0
0x00047a58,derivation_compare,7,16,0x00448788,derivation_compare,7,16,0.75,6,8,14,0.875,0
0x00021140,detach_arena,3,5,0x00414624,detach_arena,3,5,1.0,3,3,5,1.0,0
0x0006940c,dfs_traversal,18,71,0x00473160,dfs_traversal,18,83,1.0,18,18,58,0.7532467532467533,0
0x000683c8,dl_open_worker,14,91,0x00471b98,dl_open_worker,14,89,1.0,14,14,84,0.9333333333333333,0
0x00068aa4,dl_open_worker_begin,27,1188,0x0047251c,dl_open_worker_begin,24,1184,0.7586206896551724,22,29,957,0.8069139966273187,0
0x000619b0,dlerror_run,8,23,0x00468c60,dlerror_run,8,24,1.0,8,8,22,0.9361702127659575,0
0x0006bbdc,dlinfo_doit,14,86,0x00476230,dlinfo_doit,14,85,0.8666666666666667,13,15,77,0.9005847953216374,0
0x0006bd18,dlmopen_doit,13,45,0x00476420,dlmopen_doit,15,46,0.8666666666666667,13,15,44,0.967032967032967,0
0x0006be60,dlopen_doit,14,47,0x004765c0,dlopen_doit,16,48,0.875,14,16,45,0.9473684210526315,0
0x0006bfb8,dlsym_doit,6,15,0x00476770,dlsym_doit,6,15,1.0,6,6,12,0.8,0
0x0006c090,dlvsym_doit,6,19,0x004768f0,dlvsym_doit,6,19,1.0,6,6,14,0.7368421052631579,0
0x00061b20,do_dlclose,9,31,0x00468e4c,do_dlclose,2,2,0.2222222222222222,2,9,2,0.12121212121212122,0
0x00061948,do_dlopen,8,24,0x00468bf0,do_dlopen,8,24,1.0,8,8,21,0.875,0
0x00061a90,do_dlsym,7,19,0x00468d84,do_dlsym,7,19,1.0,7,7,16,0.8421052631578947,0
0x00061a20,do_dlsym_private,9,29,0x00468cfc,do_dlsym_private,9,29,1.0,9,9,22,0.7586206896551724,0
0x00061ad8,do_dlvsym,7,22,0x00468de8,do_dlvsym,7,22,1.0,7,7,18,0.8181818181818182,0
0x0004320c,do_lookup_x,28,1018,0x004413d0,do_lookup_x,27,1563,0.896551724137931,26,29,800,0.6199147617202635,0
0x000510d0,do_release_all,7,9,0x00452fc8,do_release_all,7,9,1.0,7,7,9,1.0,0
0x00051034,do_release_shlib,13,50,0x00452ef4,do_release_shlib,13,48,0.8571428571428571,12,14,34,0.6938775510204082,0
0x00056cd0,do_swap,18,116,0x0045a530,do_swap,17,219,0.9444444444444444,17,18,87,0.5194029850746269,0
0x0006daa0,do_sym,24,276,0x00478ab8,do_sym,20,212,0.8333333333333334,20,24,167,0.6844262295081968,0
0x0002ccd0,do_tunable_update_val,24,387,0x004237e0,do_tunable_update_val,18,374,0.68,17,25,207,0.5440210249671484,0
0x00039c68,enlarge_userbuf,22,147,0x004345c0,enlarge_userbuf,21,124,0.7916666666666666,19,24,98,0.7232472324723247,0
0x0001c684,ensure_single_instance,14,167,0x0040ef6c,ensure_single_instance,14,182,1.0,14,14,167,0.9570200573065902,1
0x0001c574,establish_connection,11,40,0x0040edf4,establish_connection,12,39,0.9166666666666666,11,12,34,0.8607594936708861,1
0x0001fdb4,exit,3,3,0x00412fc4,exit,3,3,1.0,3,3,3,1.0,0
0x000405c4,expand_dynamic_string_token,19,68,0x0043dbcc,expand_dynamic_string_token,18,70,0.9473684210526315,18,19,54,0.782608695652174,0
0x0003efa0,fatal_error,10,35,0x0043b610,fatal_error,11,36,0.9090909090909091,10,11,29,0.8169014084507042,0
0x000406b8,fillin_rpath,19,249,0x0043dd94,fillin_rpath,19,278,1.0,19,19,194,0.7362428842504743,0
0x00047b44,find_derivation,24,2936,0x00448900,find_derivation,21,2166,0.875,21,24,1665,0.6526852214817719,0
0x00050848,find_module,18,78,0x00452404,find_module,15,44,0.7368421052631579,14,19,37,0.6065573770491803,0
0x00050768,find_module_idx,17,85,0x004522b0,find_module_idx,19,88,0.8947368421052632,17,19,67,0.7745664739884393,0
0x000371d8,flush_cleanup,15,168,0x00431320,flush_cleanup,17,121,0.8823529411764706,15,17,68,0.47058823529411764,0
0x00010500,frame_dummy,2,2,0x00400a54,frame_dummy,3,5,0.6666666666666666,2,3,2,0.5714285714285714,0
0x00051504,free_category,15,57,0x004535bc,free_category,12,49,0.8,12,15,31,0.5849056603773585,0
0x00047950,free_derivation,15,86,0x004485a4,free_derivation,14,73,0.8125,13,16,65,0.8176100628930818,0
0x000479fc,free_modules_db,10,30,0x004486c0,free_modules_db,9,27,0.9,9,10,24,0.8421052631578947,0
0x00016c00,free_opts,12,20,0x004082fc,free_opts,12,24,0.7142857142857143,10,14,16,0.7272727272727273,1
0x00061b24,free_slotinfo,13,32,0x00468e68,free_slotinfo,16,35,0.7058823529411765,12,17,23,0.6865671641791045,0
0x0006259c,gconv_parse_code,24,122,0x00469c50,gconv_parse_code,20,117,0.5714285714285714,16,28,76,0.6359832635983264,0
0x0001a098,get_dns_resolver,19,82,0x0040c47c,get_dns_resolver,21,127,0.8181818181818182,18,22,66,0.631578947368421,1
0x0002aa08,get_nproc_stat,16,47,0x00420620,get_nproc_stat,17,48,0.8333333333333334,15,18,36,0.7578947368421053,0
0x0002e74c,getenv,12,45,0x00425760,getenv,12,41,1.0,12,12,33,0.7674418604651163,0
0x0002fe18,group_number,19,70,0x004273cc,group_number,20,66,0.6956521739130435,16,23,40,0.5882352941176471,0
0x00057c60,hack_digit,16,104,0x0045bb80,hack_digit,20,108,0.8,16,20,84,0.7924528301886793,0
0x0001b470,has_exe_access,14,58,0x0040dac8,has_exe_access,15,101,0.8125,13,16,49,0.6163522012578616,1
0x0002bbe0,htonl,6,11,0x00422290,htonl,2,2,0.14285714285714285,1,7,1,0.15384615384615385,0
0x0002bbf4,htons,4,4,0x004222b0,htons,2,2,0.2,1,5,1,0.3333333333333333,0
0x00057090,indirect_msort_with_tmp,18,86,0x0045aa60,indirect_msort_with_tmp,20,91,0.8095238095238095,17,21,65,0.7344632768361582,0
0x0002bc08,inet_aton_end,29,160,0x004222c0,inet_aton_end,25,108,0.6875,22,32,79,0.5895522388059702,0
0x00048e88,insert_module,14,110,0x0044a0bc,insert_module,13,107,0.9285714285714286,13,14,76,0.7004608294930875,0
0x00020ef4,int_mallinfo,17,153,0x00414370,int_mallinfo,19,150,0.8947368421052632,17,19,113,0.7458745874587459,0
0x0003f660,is_dst,19,57,0x0043bff8,is_dst,15,38,0.7,14,20,30,0.631578947368421,0
0x0003f70c,is_trusted_path_normalize,20,154,0x0043c114,is_trusted_path_normalize,19,163,0.95,19,20,89,0.5615141955835962,0
0x0001a548,killer_init,19,508,0x0040ca80,killer_init,22,721,0.782608695652174,18,23,488,0.7941415785191213,1
0x0001aaf8,killer_kill,4,4,0x0040d0f8,killer_kill,4,4,1.0,4,4,4,1.0,1
0x0001ab20,killer_kill_by_port,20,902,0x0040d13c,killer_kill_by_port,19,455,0.7727272727272727,17,22,397,0.5851142225497421,1
0x00051028,known_compare,3,4,0x00452ed0,known_compare,3,4,1.0,3,3,4,1.0,0
0x0003f25c,length_mismatch,3,3,0x0043b9a0,length_mismatch,3,3,1.0,3,3,3,1.0,0
0x0001b938,main,27,1825,0x0040dfd0,main,29,2045,0.9310344827586207,27,29,1748,0.903359173126615,1
0x00021820,malloc_consolidate,21,157,0x00414e60,malloc_consolidate,22,145,0.9545454545454546,21,22,123,0.8145695364238411,0
0x00020edc,malloc_printerr,3,3,0x00414344,malloc_printerr,3,3,1.0,3,3,3,1.0,0
0x0003e444,maybe_split_for_insert,16,196,0x0043a634,maybe_split_for_insert,13,189,0.8125,13,16,143,0.7428571428571429,0
0x0001b880,mem_exists,11,36,0x0040def4,mem_exists,12,37,0.9166666666666666,11,12,35,0.958904109589041,1
0x00027854,memcmp,20,530,0x0041c2c0,memcmp,19,319,0.95,19,20,202,0.4758539458186101,0
0x00027c30,memcpy,25,603,0x0041c5a0,memcpy,20,1306,0.6666666666666666,18,27,296,0.3101100052383447,0
0x00027ed0,memmove,28,1173,0x0041c920,memmove,19,140,0.6206896551724138,18,29,109,0.16603198781416603,0
0x0001b614,memory_scan_match,10,148,0x0040dc88,memory_scan_match,14,164,0.7142857142857143,10,14,125,0.8012820512820513,1
0x00028180,memset,17,121,0x0041cb30,memset,19,203,0.6363636363636364,14,22,54,0.3333333333333333,0
0x00034d6c,mmap_remap_check,29,236,0x0042e108,mmap_remap_check,26,215,0.896551724137931,26,29,123,0.5454545454545454,0
0x00056df4,msort_with_tmp,22,245,0x0045a774,msort_with_tmp,20,181,0.9090909090909091,20,22,120,0.5633802816901409,0
0x0002106c,munmap_chunk,15,51,0x00414524,munmap_chunk,16,59,0.7222222222222222,13,18,34,0.6181818181818182,0
0x00051338,new_composite_name,14,106,0x004532d0,new_composite_name,15,119,0.9333333333333333,14,15,68,0.6044444444444445,0
0x00034c10,new_do_write,23,102,0x0042df10,new_do_write,21,113,0.9130434782608695,21,23,82,0.7627906976744186,0
0x00021ee0,new_heap,7,23,0x0041573c,new_heap,20,256,0.35,7,20,23,0.16487455197132617,0
0x0002a728,next_line,18,103,0x00420220,next_line,18,103,1.0,18,18,85,0.8252427184466019,0
0x0003fdb0,open_path,24,795,0x0043d294,open_path,24,509,0.7777777777777778,21,27,315,0.4831288343558282,0
0x0003f8b8,open_verify,24,306,0x0043cdac,open_verify,24,322,0.8461538461538461,22,26,206,0.6560509554140127,0
0x0006c42c,openaux,13,31,0x00476e80,openaux,12,32,0.6666666666666666,10,15,24,0.7619047619047619,0
0x000285dc,opendir_tail,16,48,0x0041d600,opendir_tail,18,52,0.8888888888888888,16,18,41,0.82,0
0x0002fbfc,outstring_converted_wide_string,24,183,0x00427110,outstring_converted_wide_string,19,217,0.72,18,25,115,0.575,0
0x0005219c,plural_eval,20,121,0x00454410,plural_eval,23,154,0.72,18,25,83,0.6036363636363636,0
0x0002ff24,printf_positional,38,4312,0x00427560,printf_positional,31,2677,0.7692307692307693,30,39,1944,0.5563027614823294,0
0x00021a6c,ptmalloc_init,19,257,0x004151d4,ptmalloc_init,19,253,0.9,18,20,232,0.9098039215686274,0
0x000574f8,qsort,3,3,0x0045b050,qsort,3,3,1.0,3,3,3,1.0,0
0x0001f380,raise,11,14,0x004124e0,raise,12,14,0.9166666666666666,11,12,11,0.7857142857142857,0
0x0001ccec,rand_alphastr,22,133,0x0040f738,rand_alphastr,18,47,0.7391304347826086,17,23,41,0.45555555555555555,1
0x0001cac0,rand_init,5,29,0x0040f480,rand_init,5,29,1.0,5,5,29,1.0,1
0x0001cb48,rand_next,5,17,0x0040f524,rand_next,5,17,1.0,5,5,17,1.0,1
0x0001cc18,rand_str,12,34,0x0040f608,rand_str,12,34,1.0,12,12,32,0.9411764705882353,1
0x00063258,rangecmp,3,4,0x0046acb0,rangecmp,3,4,1.0,3,3,4,1.0,0
0x000552c4,read_alias_file,25,705,0x004582e8,read_alias_file,25,460,0.8518518518518519,23,27,361,0.6197424892703862,0
0x00049390,read_conf_file,23,328,0x0044a7cc,read_conf_file,21,393,0.8333333333333334,20,24,229,0.6352288488210819,0
0x0007051c,read_encoded_value,2,3,0x0047ffc8,read_encoded_value,25,116,0.08,2,25,2,0.03361344537815126,0
0x0007040c,read_encoded_value_with_base,19,66,0x0047ccfc,read_encoded_value_with_base,23,72,0.8260869565217391,19,23,49,0.7101449275362319,0
0x00070374,read_sleb128,14,29,0x00479178,read_sleb128,16,27,0.875,14,16,22,0.7857142857142857,0
0x0002a8d4,read_sysfs_file,15,86,0x00420464,read_sysfs_file,16,90,0.9375,15,16,77,0.875,0
0x00070348,read_uleb128,13,20,0x00479140,read_uleb128,14,18,0.8,12,15,15,0.7894736842105263,0
0x00010484,register_tm_clones,1,1,0x004009b4,register_tm_clones,1,1,1.0,1,1,1,1.0,0
0x000671ec,remove_slotinfo,17,114,0x004705f0,remove_slotinfo,18,118,0.9444444444444444,17,18,92,0.7931034482758621,0
0x0001ce18,resolv_domain_to_hostname,12,40,0x0040f8c0,resolv_domain_to_hostname,12,40,1.0,12,12,40,1.0,1
0x0001d76c,resolv_entries_free,7,12,0x0041036c,resolv_entries_free,8,16,0.6666666666666666,6,9,10,0.7142857142857143,1
0x0001cfec,resolv_lookup,27,749,0x0040fb38,resolv_lookup,27,811,0.9285714285714286,26,28,692,0.8871794871794871,1
0x0001cf00,resolv_skip_name,14,35,0x0040f9ec,resolv_skip_name,15,36,0.9333333333333333,14,15,34,0.9577464788732394,1
0x0001c4ac,resolve_cnc_addr,12,45,0x0040ecd8,resolve_cnc_addr,18,78,0.6666666666666666,12,18,43,0.6991869918699187,1
0x00037330,save_for_backup,20,147,0x00431468,save_for_backup,18,144,0.9,18,20,110,0.7560137457044673,0
0x0005bcf4,save_for_wbackup,22,186,0x00460f30,save_for_wbackup,20,193,0.9090909090909091,20,22,154,0.8126649076517151,0
0x00047428,search_cache,21,117,0x00447ee4,search_cache,22,197,0.8695652173913043,20,23,92,0.5859872611464968,0
0x000515dc,setlocale,19,726,0x00453718,setlocale,20,1148,0.95,19,20,557,0.5944503735325507,0
0x0001f5f0,sigaddset,19,29,0x00412840,sigaddset,16,25,0.75,15,20,18,0.6666666666666666,0
0x0001f5ac,sigemptyset,11,19,0x004127e0,sigemptyset,11,24,0.5714285714285714,8,14,13,0.6046511627906976,0
0x0003c5a4,strchr,10,11,0x00437b10,strchr,10,11,1.0,10,10,10,0.9090909090909091,0
0x0003c5c4,strcmp,22,207,0x00437ca0,strcmp,17,300,0.6956521739130435,16,23,82,0.3234714003944773,0
0x000602c0,strcpy,3,3,0x00466c90,strcpy,3,3,1.0,3,3,3,1.0,0
0x000602d4,strcspn,17,144,0x00466cd0,strcspn,19,143,0.8947368421052632,17,19,98,0.6829268292682927,0
0x0003c80c,strncmp,26,260,0x00437ee0,strncmp,24,227,0.8518518518518519,23,27,113,0.46406570841889117,0
0x0003cb28,strrchr,4,5,0x004382d0,strrchr,4,5,1.0,4,4,5,1.0,0
0x000668ec,strspn,16,155,0x0046fa70,strspn,16,155,1.0,16,16,112,0.7225806451612903,0
0x0003cf84,strstr,24,217,0x0043888c,strstr,25,226,0.8846153846153846,23,26,168,0.7584650112866818,0
0x00023724,sysmalloc,26,1745,0x00417358,sysmalloc,30,1840,0.75,24,32,1102,0.6147838214783822,0
0x000229a0,sysmalloc_mmap,24,215,0x00416264,sysmalloc_mmap,21,151,0.7307692307692307,19,26,104,0.5683060109289617,0
0x0002286c,sysmalloc_mmap_fallback,19,79,0x004160c0,sysmalloc_mmap_fallback,19,77,1.0,19,19,60,0.7692307692307693,0
0x00022b80,systrim,19,89,0x004164b8,systrim,19,108,0.9,18,20,72,0.7309644670050761,0
0x0001d7c0,table_init,4,101,0x00410400,table_init,3,198,0.4,2,5,51,0.3411371237458194,1
0x0001dbfc,table_lock_val,2,2,0x00410940,table_lock_val,2,2,1.0,2,2,2,1.0,1
0x0001dc40,table_retrieve_val,9,14,0x004109a4,table_retrieve_val,8,13,0.8888888888888888,8,9,13,0.9629629629629629,1
0x0001dbb8,table_unlock_val,2,2,0x004108dc,table_unlock_val,2,2,1.0,2,2,2,1.0,1
0x00024fc0,tcache_init,19,87,0x00418e18,tcache_init,16,80,0.75,15,20,41,0.49101796407185627,0
0x0003e3f8,tdestroy_recurse,11,19,0x0043a588,tdestroy_recurse,11,19,1.0,11,11,18,0.9473684210526315,0
0x0001c63c,teardown_connection,6,9,0x0040eefc,teardown_connection,6,9,1.0,6,6,9,1.0,1
0x0001dd28,toggle_obf,17,66,0x00410ad0,toggle_obf,17,66,1.0,17,17,65,0.9848484848484849,1
0x00052354,transcmp,9,60,0x004546b0,transcmp,10,60,0.9,9,10,46,0.7666666666666667,0
0x0003e2a0,trecurse,12,38,0x0043a350,trecurse,12,38,1.0,12,12,36,0.9473684210526315,0
0x0003e34c,trecurse_r,12,36,0x0043a46c,trecurse_r,12,36,1.0,12,12,35,0.9722222222222222,0
0x0002cec4,tunable_initialize,12,32,0x00423a98,tunable_initialize,12,27,0.8461538461538461,11,13,23,0.7796610169491526,0
0x00066314,two_way_long_needle,20,390,0x00438330,two_way_long_needle,20,388,0.8181818181818182,18,22,219,0.5629820051413882,0
0x00021744,unlink_chunk,15,94,0x00414d24,unlink_chunk,16,93,0.9375,15,16,81,0.8663101604278075,0
0x0001c870,unlock_tbl_if_nodebug,26,225,0x0040f1b0,unlock_tbl_if_nodebug,24,92,0.7241379310344828,21,29,73,0.4605678233438486,1
0x0001e158,util_atoi,21,106,0x00411058,util_atoi,23,110,0.76,19,25,88,0.8148148148148148,1
0x0001e814,util_fdgets,11,25,0x00411934,util_fdgets,11,24,1.0,11,11,24,0.9795918367346939,1
0x0001e920,util_isalpha,7,18,0x00411a98,util_isalpha,6,13,0.625,5,8,9,0.5806451612903226,1
0x0001e9e0,util_isdigit,7,12,0x00411b98,util_isdigit,6,9,0.625,5,8,7,0.6666666666666666,1
0x0001e980,util_isspace,6,14,0x00411b20,util_isspace,6,13,1.0,6,6,13,0.9629629629629629,1
0x0001e8d8,util_isupper,7,12,0x00411a38,util_isupper,6,9,0.625,5,8,7,0.6666666666666666,1
0x0001e3cc,util_itoa,16,61,0x004113a0,util_itoa,20,56,0.8,16,20,44,0.7521367521367521,1
0x0001e758,util_local_addr,11,41,0x00411854,util_local_addr,11,40,1.0,11,11,40,0.9876543209876543,1
0x0001e088,util_memcpy,11,23,0x00410f50,util_memcpy,10,21,0.9090909090909091,10,11,21,0.9545454545454546,1
0x0001e560,util_memsearch,11,26,0x004115b0,util_memsearch,11,28,0.8333333333333334,10,12,24,0.8888888888888888,1
0x0001dfa8,util_strcmp,9,28,0x00410e20,util_strcmp,10,29,0.9,9,10,28,0.9824561403508771,1
0x0001e040,util_strcpy,4,5,0x00410eec,util_strcpy,4,7,0.6,3,5,4,0.6666666666666666,1
0x0001e630,util_stristr,16,47,0x004116b0,util_stristr,15,52,0.9375,15,16,42,0.8484848484848485,1
0x0001dea8,util_strlen,9,14,0x00410cd0,util_strlen,9,14,1.0,9,9,14,1.0,1
0x0001defc,util_strncmp,10,31,0x00410d34,util_strncmp,11,32,0.9090909090909091,10,11,31,0.9841269841269841,1
0x0001e0fc,util_zero,10,16,0x00410fe8,util_zero,9,15,0.9,9,10,15,0.967741935483871,1
